Order_Line_ID,Order_ID,Order_Date,Customer_ID,Customer_Segment,Customer_City,Customer_State,Product_ID,Product_Name,Category,Subcategory,Brand,Sales_Channel,Payment_Method,Quantity,Unit_Price,Unit_Cost,Discount_Pct,Shipping_Fee,Delivery_Date,Return_Flag,Return_Date,Return_Reason,Return_Quantity,Refund_Deduction_Pct,Product_Rating
OL-000011,ORD-2025-00010,25-Dec-2025,C0232,Consumer,Noida,Uttar Pradesh,P103,InsightPress SQL Practice Workbook,Books,Books,InsightPress,WEBSITE,net banking,2,₹836.97,₹330.48,25%,₹59.00,30-Dec-2025,Returned,08-Jan-2026,Wrong item,2,0%,
OL-000021,ORD-2025-00018,14-Dec-2025,C0733,Corporate,Ludhiana,Punjab,P031,VoltAudio Neckband Earphones,Electronics,Audio,VoltAudio,Marketplace,CREDIT CARD,2,"₹5,728.68","₹3,467.28",10%,₹0.00,20-Dec-2025,Not Returned,,,0,0%,
OL-000055,ORD-2025-00044,27-Dec-2025,C0758,Corporate,Bengaluru,Karnataka,P061,CasaBloom Decorative Cushion Set,Home & Kitchen,Home Furnishing,CasaBloom,WEBSITE,Cash on Delivery,2,"₹5,150.06","₹2,867.87",10%,₹0.00,30-Dec-2025,N,,,0,0%,5.0
OL-000057,ORD-2025-00046,22-Dec-2025,C0442,Consumer,Ludhiana,Punjab,P018,StrideX Casual Loafers,Fashion,Footwear,StrideX,Marketplace,upi,1,"₹3,405.10","₹1,816.29",20%,₹0.00,28-Dec-2025,yes,10-Jan-2026,Wrong Item,1,0%,
OL-000088,ORD-2025-00069,10-Dec-2025,C0022,Consumer,Indore,Madhya Pradesh,P104,SkillLeaf Power BI Project Guide,Books,Books,SkillLeaf,website,Upi,1,"₹1,152.18",₹474.23,15%,₹99.00,16-Dec-2025,No,,,0,0%,
OL-000089,ORD-2025-00070,27-Dec-2025,C0809,Home Office,Thiruvananthapuram,Kerala,P045,PixelNest Streaming Stick,Electronics,Smart Devices,PixelNest,Website,CREDIT CARD,1,"₹5,308.78","₹4,170.85",0%,₹0.00,30-Dec-2025,Not Returned,,,0,0%,
OL-000108,ORD-2025-00083,02-Dec-2025,C0043,Consumer,Siliguri,West Bengal,P085,FitForge Foam Roller,Sports,Fitness,FitForge,MARKETPLACE,UPI,1,"₹3,226.58","₹1,433.02",15%,₹0.00,07-Dec-2025,no,,,0,0%,
OL-000109,ORD-2025-00083,02-Dec-2025,C0043,Consumer,Siliguri,West Bengal,P021,FootNest Block Heel Sandals,Fashion,Footwear,FootNest,Marketplace,UPI,1,"₹4,586.52","₹2,846.55",15%,₹0.00,09-Dec-2025,Yes,30-Dec-2025,wrong size,1,0%,5.0
OL-000156,ORD-2025-00112,28-Dec-2025,C0793,Corporate,Kolkata,West Bengal,P066,DermaNest Hydrating Face Wash,Beauty,Skin Care,DermaNest,MARKETPLACE,Upi,1,"₹2,396.45","₹1,186.47",10%,₹79.00,03-Jan-2026,No,,,0,0%,5.0
OL-000199,ORD-2025-00143,28-Dec-2025,C0435,Corporate,Vadodara,Gujarat,P038,NexCharge Car Phone Mount,Electronics,Mobile Accessories,NexCharge,Marketplace,DEBIT CARD,1,₹689.58,₹340.28,30%,₹49.00,05-Jan-2026,no,,,0,0%,3.0
OL-000204,ORD-2025-00147,07-Dec-2025,C0323,Consumer,New Delhi,Delhi,P001,UrbanThread Classic Fit Shirt,Fashion,Men's Clothing,UrbanThread,WEBSITE,DEBIT CARD,3,"₹1,952.22","₹1,197.48",20%,₹0.00,11-Dec-2025,Not Returned,,,0,0%,
OL-000205,ORD-2025-00147,07-Dec-2025,C0323,Consumer,New Delhi,Delhi,P059,CasaBloom Memory Foam Pillow,Home & Kitchen,Home Furnishing,CasaBloom,Website,Debit Card,3,"₹1,252.24",₹598.05,15%,₹0.00,14-Dec-2025,N,,,0,0%,5.0
OL-000206,ORD-2025-00147,07-Dec-2025,C0323,Consumer,New Delhi,Delhi,P002,NorthLane Slim Fit Jeans,Fashion,Men's Clothing,NorthLane,Website,debit card,1,"₹1,165.07",₹591.59,0%,₹49.00,14-Dec-2025,N,,,0,0%,4.0
OL-000207,ORD-2025-00148,03-Dec-2025,C0461,Consumer,New Delhi,Delhi,P033,VoltEdge Fast Charging Adapter,Electronics,Mobile Accessories,VoltEdge,marketplace,Upi,1,"₹3,275.21","₹1,702.67",25%,₹0.00,06-Dec-2025,No,,,0,0%,5.0
OL-000221,ORD-2025-00158,06-Dec-2025,C0217,Consumer,Noida,Uttar Pradesh,P099,InsightPress Business Storytelling,Books,Books,InsightPress,Mobile App,UPI,1,"₹1,143.92",₹450.46,10%,₹79.00,11-Dec-2025,No,,,0,0%,
OL-000229,ORD-2025-00163,09-Dec-2025,C0209,Corporate,Siliguri,West Bengal,P047,HomeSync Digital Photo Frame,Electronics,Smart Devices,HomeSync,MOBILE APP,Credit Card,1,"₹2,975.05","₹1,997.47",25%,₹0.00,12-Dec-2025,Returned,08-Jan-2026,Damaged Product,1,0%,1.0
OL-000237,ORD-2025-00170,27-Dec-2025,C0759,Consumer,Chandigarh,Punjab,P074,GlowEase Trimmer Kit,Beauty,Personal Care,GlowEase,OFFLINE STORE,Debit Card,2,"₹1,971.57","₹1,072.86",20%,₹0.00,28-Dec-2025,No,,,0,0%,
OL-000239,ORD-2025-00172,26-Dec-2025,C0235,Consumer,New Delhi,Delhi,P104,SkillLeaf Power BI Project Guide,Books,Books,SkillLeaf,Website,cash on delivery,1,"₹1,164.53",₹474.23,5%,₹79.00,02-Jan-2026,No,,,0,0%,4.0
OL-000242,ORD-2025-00175,18-Dec-2025,C0850,Corporate,New Delhi,Delhi,P046,PixelNest Smart Plug Pack,Electronics,Smart Devices,PixelNest,Website,UPI,3,"₹10,052.33","₹7,571.95",15%,₹0.00,20-Dec-2025,Not Returned,,,0,0%,5.0
OL-000243,ORD-2025-00175,18-Dec-2025,C0850,Corporate,New Delhi,Delhi,P019,AeroStep Walking Shoes,Fashion,Footwear,AeroStep,website,upi,1,"₹1,023.02",₹531.47,10%,₹39.00,21-Dec-2025,No,,,0,0%,
OL-000244,ORD-2025-00176,01-Dec-2025,C0831,Consumer,New Delhi,Delhi,P065,DermaNest Vitamin C Serum,Beauty,Skin Care,DermaNest,MARKETPLACE,Cash on Delivery,1,"₹1,640.62",₹646.29,10%,₹49.00,08-Dec-2025,N,,,0,0%,
OL-000245,ORD-2025-00177,30-Dec-2025,C0493,Consumer,Vadodara,Gujarat,P054,HomeFlame Sandwich Maker,Home & Kitchen,Kitchen,HomeFlame,Offline Store,Upi,1,"₹9,522.58","₹6,033.47",20%,₹0.00,03-Jan-2026,no,,,0,0%,5.0
OL-000252,ORD-2025-00182,27-Dec-2025,C0614,Corporate,Siliguri,West Bengal,P008,NorthLane Everyday Crew T-Shirt,Fashion,Men's Clothing,NorthLane,Marketplace,UPI,1,"₹2,831.66","₹1,327.12",30%,₹0.00,01-Jan-2026,No,,,0,0%,
OL-000259,ORD-2025-00189,31-Dec-2025,C0744,Consumer,Jodhpur,Rajasthan,P030,VoltAudio Portable Speaker,Electronics,Audio,VoltAudio,website,net banking,1,"₹10,847.58","₹6,811.90",20%,₹0.00,07-Jan-2026,no,,,0,0%,4.0
OL-000269,ORD-2025-00195,01-Dec-2025,C0306,Consumer,Amritsar,Punjab,P068,DermaNest Night Repair Cream,Beauty,Skin Care,DermaNest,Mobile App,Upi,1,"₹1,010.78",₹376.87,25%,₹49.00,03-Dec-2025,Returned,27-Dec-2025,product not as expected,1,0%,3.0
OL-000270,ORD-2025-00196,24-Dec-2025,C0001,Corporate,Amritsar,Punjab,P054,HomeFlame Sandwich Maker,Home & Kitchen,Kitchen,HomeFlame,offline store,Upi,1,"₹9,647.11","₹6,033.47",5%,₹0.00,25-Dec-2025,yes,13-Jan-2026,damaged product,1,0%,
OL-000275,ORD-2025-00199,23-Dec-2025,C0516,Home Office,New Delhi,Delhi,P090,WildRoute Insulated Water Bottle,Sports,Outdoor,WildRoute,Marketplace,UPI,4,"₹1,979.56",₹949.59,25%,₹0.00,30-Dec-2025,N,,,0,0%,1.0
OL-000276,ORD-2025-00200,03-Dec-2025,C0580,Corporate,Indore,Madhya Pradesh,P061,CasaBloom Decorative Cushion Set,Home & Kitchen,Home Furnishing,CasaBloom,Offline Store,Upi,1,"₹4,829.54","₹2,867.87",15%,₹0.00,05-Dec-2025,no,,,0,0%,4.0
OL-000278,ORD-2025-00202,16-Dec-2025,C0410,Corporate,Nashik,Maharashtra,P062,NestLoom Floor Mat Set,Home & Kitchen,Home Furnishing,NestLoom,Mobile App,UPI,1,"₹3,475.52","₹1,409.58",20%,₹0.00,21-Dec-2025,Yes,16-Jan-2026,Product Not as Expected,1,0%,2.0
OL-000279,ORD-2025-00202,16-Dec-2025,C0410,Corporate,Nashik,Maharashtra,P023,AeroStep Slip-On Sneakers,Fashion,Footwear,AeroStep,Mobile App,upi,1,"₹3,935.74","₹2,443.63",5%,₹0.00,21-Dec-2025,N,,,0,0%,4.0
OL-000280,ORD-2025-00202,16-Dec-2025,C0410,Corporate,Nashik,Maharashtra,P002,NorthLane Slim Fit Jeans,Fashion,Men's Clothing,NorthLane,mobile app,UPI,1,"₹1,106.83",₹591.59,30%,₹99.00,17-Dec-2025,no,,,0,0%,
OL-000301,ORD-2025-00216,29-Dec-2025,C0582,Home Office,Udaipur,Rajasthan,P032,SonicBay Studio Headphones,Electronics,Audio,SonicBay,marketplace,COD,1,"₹1,571.23","₹1,085.23",25%,₹39.00,05-Jan-2026,Yes,30-Jan-2026,wrong item,1,0%,2.0
OL-000311,ORD-2025-00223,13-Dec-2025,C0754,Corporate,Hyderabad,Telangana,P055,CookCraft Induction Cooktop,Home & Kitchen,Kitchen,CookCraft,mobile app,debit card,1,"₹9,665.42","₹5,775.47",15%,₹0.00,17-Dec-2025,Not Returned,,,0,0%,
OL-000312,ORD-2025-00224,13-Dec-2025,C0326,Consumer,Hyderabad,Telangana,P022,AeroStep Training Shoes,Fashion,Footwear,AeroStep,Website,CREDIT CARD,1,"₹4,644.05","₹2,516.74",10%,₹0.00,20-Dec-2025,Not Returned,,,0,0%,
OL-000313,ORD-2025-00224,13-Dec-2025,C0326,Consumer,Hyderabad,Telangana,P010,AuraStyle High Rise Jeans,Fashion,Women's Clothing,AuraStyle,website,CREDIT CARD,2,"₹1,532.71",₹619.70,25%,₹0.00,18-Dec-2025,Not Returned,,,0,0%,
OL-000327,ORD-2025-00236,25-Dec-2025,C0466,Consumer,Jaipur,Rajasthan,P034,ConnectPro Power Bank 20000mAh,Electronics,Mobile Accessories,ConnectPro,offline store,Credit Card,1,"₹2,843.92","₹1,560.52",30%,₹0.00,26-Dec-2025,Returned,14-Jan-2026,Damaged Product,1,0%,4.0
OL-000335,ORD-2025-00243,01-Dec-2025,C0203,Consumer,Mysuru,Karnataka,P060,SoftHaven Cotton Towel Set,Home & Kitchen,Home Furnishing,SoftHaven,MOBILE APP,upi,1,"₹1,927.13",₹789.33,25%,₹39.00,08-Dec-2025,no,,,0,0%,5.0
OL-000336,ORD-2025-00243,01-Dec-2025,C0203,Consumer,Mysuru,Karnataka,P082,MoveMax Resistance Band Set,Sports,Fitness,MoveMax,MOBILE APP,UPI,1,"₹1,131.59",₹571.97,30%,₹39.00,04-Dec-2025,no,,,0,0%,4.0
OL-000337,ORD-2025-00243,01-Dec-2025,C0203,Consumer,Mysuru,Karnataka,P072,BloomSkin Lip Care Combo,Beauty,Skin Care,BloomSkin,mobile app,Upi,1,"₹1,457.69",₹648.65,10%,₹99.00,03-Dec-2025,N,,,0,0%,
OL-000350,ORD-2025-00253,02-Dec-2025,C0243,Consumer,Warangal,Telangana,P090,WildRoute Insulated Water Bottle,Sports,Outdoor,WildRoute,WEBSITE,debit card,1,"₹1,903.19",₹949.59,20%,₹79.00,08-Dec-2025,Yes,09-Dec-2025,Late Delivery,1,0%,4.0
OL-000364,ORD-2025-00264,05-Dec-2025,C0749,Consumer,Amritsar,Punjab,P003,UrbanThread Cotton Polo T-Shirt,Fashion,Men's Clothing,UrbanThread,marketplace,UPI,1,"₹1,803.72","₹1,128.89",15%,₹39.00,09-Dec-2025,Returned,02-Jan-2026,quality issue,1,5%,
OL-000365,ORD-2025-00265,12-Dec-2025,C0655,Consumer,Kolkata,West Bengal,P030,VoltAudio Portable Speaker,Electronics,Audio,VoltAudio,Mobile App,Upi,1,"₹10,952.42","₹6,811.90",5%,₹0.00,15-Dec-2025,yes,06-Jan-2026,changed mind,1,5%,1.0
OL-000389,ORD-2025-00286,16-Dec-2025,C0111,Consumer,Ahmedabad,Gujarat,P001,UrbanThread Classic Fit Shirt,Fashion,Men's Clothing,UrbanThread,Mobile App,upi,2,"₹1,951.06","₹1,197.48",15%,₹0.00,22-Dec-2025,No,,,0,0%,4.0
OL-000406,ORD-2025-00296,11-Dec-2025,C0305,Corporate,Jodhpur,Rajasthan,P103,InsightPress SQL Practice Workbook,Books,Books,InsightPress,mobile app,Upi,3,₹864.98,₹330.48,10%,₹0.00,13-Dec-2025,Not Returned,,,0,0%,
OL-000434,ORD-2025-00316,17-Dec-2025,C0666,Consumer,Nagpur,Maharashtra,P052,CookCraft Storage Container Set,Home & Kitchen,Kitchen,CookCraft,Marketplace,debit card,2,"₹4,547.24","₹2,633.10",30%,₹0.00,25-Dec-2025,No,,,0,0%,4.0
OL-000450,ORD-2025-00327,12-Dec-2025,C0085,Consumer,Chennai,Tamil Nadu,P003,UrbanThread Cotton Polo T-Shirt,Fashion,Men's Clothing,UrbanThread,Website,UPI,2,"₹1,825.79","₹1,128.89",20%,₹0.00,16-Dec-2025,Not Returned,,,0,0%,3.0
OL-000451,ORD-2025-00327,12-Dec-2025,C0085,Consumer,Chennai,Tamil Nadu,P071,DermaNest Clay Face Mask,Beauty,Skin Care,DermaNest,WEBSITE,Upi,1,₹857.98,₹349.54,25%,₹79.00,19-Dec-2025,No,,,0,0%,5.0
OL-000452,ORD-2025-00327,12-Dec-2025,C0085,Consumer,Chennai,Tamil Nadu,P098,BrightPage Personal Finance Basics,Books,Books,BrightPage,Website,Upi,3,"₹1,153.90",₹379.22,15%,₹0.00,17-Dec-2025,Y,11-Jan-2026,wrong item,3,0%,3.0
OL-000457,ORD-2025-00332,22-Dec-2025,C0297,Consumer,Warangal,Telangana,P028,SonicBay Soundbar Mini,Electronics,Audio,SonicBay,Website,Credit Card,3,"₹11,290.07","₹7,220.21",25%,₹0.00,29-Dec-2025,N,,,0,0%,
OL-000460,ORD-2025-00335,17-Dec-2025,C0072,Corporate,Kolkata,West Bengal,P096,WildRoute Compact Binoculars,Sports,Outdoor,WildRoute,WEBSITE,UPI,3,"₹4,486.92","₹2,906.69",15%,₹0.00,22-Dec-2025,N,,,0,0%,
OL-000473,ORD-2025-00344,02-Dec-2025,C0026,Consumer,Coimbatore,Tamil Nadu,P042,PixelNest Fitness Band,Electronics,Smart Devices,PixelNest,MOBILE APP,CREDIT CARD,3,"₹5,471.26","₹3,685.96",20%,₹0.00,03-Dec-2025,no,,,0,0%,
OL-000474,ORD-2025-00344,02-Dec-2025,C0026,Consumer,Coimbatore,Tamil Nadu,P044,OrbitSmart Smart LED Bulb Pack,Electronics,Smart Devices,OrbitSmart,Mobile App,credit card,1,"₹3,747.59","₹2,279.34",25%,₹0.00,05-Dec-2025,Not Returned,,,0,0%,4.0
OL-000495,ORD-2025-00361,17-Dec-2025,C0784,Consumer,Mangaluru,Karnataka,P065,DermaNest Vitamin C Serum,Beauty,Skin Care,DermaNest,Marketplace,Credit Card,2,"₹1,688.05",₹646.29,15%,₹0.00,22-Dec-2025,no,,,0,0%,
OL-000496,ORD-2025-00361,17-Dec-2025,C0784,Consumer,Mangaluru,Karnataka,P058,NestLoom Blackout Curtains,Home & Kitchen,Home Furnishing,NestLoom,marketplace,Credit Card,1,"₹4,668.58","₹2,429.60",15%,₹0.00,23-Dec-2025,N,,,0,0%,
OL-000498,ORD-2025-00363,30-Dec-2025,C0608,Corporate,Mumbai,Maharashtra,P093,AeroCamp Cycling Helmet,Sports,Outdoor,AeroCamp,Mobile App,CREDIT CARD,1,"₹3,527.61","₹2,203.61",0%,₹0.00,02-Jan-2026,Y,19-Jan-2026,Wrong size,1,5%,
OL-000519,ORD-2025-00378,10-Dec-2025,C0126,Home Office,Jabalpur,Madhya Pradesh,P061,CasaBloom Decorative Cushion Set,Home & Kitchen,Home Furnishing,CasaBloom,Mobile App,Upi,1,"₹4,793.97","₹2,867.87",10%,₹0.00,17-Dec-2025,No,,,0,0%,4.0
OL-000550,ORD-2025-00400,25-Dec-2025,C0572,Consumer,Amritsar,Punjab,P064,CasaBloom Table Runner Set,Home & Kitchen,Home Furnishing,CasaBloom,Mobile App,UPI,1,"₹2,611.73","₹1,522.07",20%,₹0.00,27-Dec-2025,No,,,0,0%,4.0
OL-000551,ORD-2025-00400,25-Dec-2025,C0572,Consumer,Amritsar,Punjab,P067,DermaNest SPF 50 Sunscreen,Beauty,Skin Care,DermaNest,Mobile App,upi,1,"₹1,806.74",₹875.79,25%,₹59.00,28-Dec-2025,No,,,0,0%,
OL-000552,ORD-2025-00400,25-Dec-2025,C0572,Consumer,Amritsar,Punjab,P084,FitForge Skipping Rope,Sports,Fitness,FitForge,Mobile App,Upi,2,₹665.16,₹296.67,20%,₹39.00,30-Dec-2025,N,,,0,0%,5.0
OL-000562,ORD-2025-00405,05-Dec-2025,C0224,Home Office,Kanpur,Uttar Pradesh,P048,OrbitSmart Mini Projector,Electronics,Smart Devices,OrbitSmart,Offline Store,debit card,1,"₹12,307.39","₹8,602.72",20%,₹0.00,05-Dec-2025,no,,,0,0%,4.0
OL-000563,ORD-2025-00406,23-Dec-2025,C0146,Consumer,Noida,Uttar Pradesh,P040,VoltEdge Travel Adapter,Electronics,Mobile Accessories,VoltEdge,Marketplace,UPI,1,₹831.92,₹555.01,20%,₹99.00,01-Jan-2026,Not Returned,,,0,0%,
OL-000564,ORD-2025-00406,23-Dec-2025,C0146,Consumer,Noida,Uttar Pradesh,P099,InsightPress Business Storytelling,Books,Books,InsightPress,Marketplace,UPI,2,"₹1,158.33",₹450.46,20%,₹59.00,28-Dec-2025,N,,,0,0%,3.0
OL-000565,ORD-2025-00406,23-Dec-2025,C0146,Consumer,Noida,Uttar Pradesh,P073,GlowEase Hair Dryer,Beauty,Personal Care,GlowEase,marketplace,Upi,2,"₹1,932.92","₹1,011.23",20%,₹0.00,31-Dec-2025,Not Returned,,,0,0%,
OL-000568,ORD-2025-00408,23-Dec-2025,C0814,Consumer,Kanpur,Uttar Pradesh,P032,SonicBay Studio Headphones,Electronics,Audio,SonicBay,MOBILE APP,Upi,1,"₹1,489.20","₹1,085.23",5%,₹79.00,26-Dec-2025,No,,,0,0%,
OL-000569,ORD-2025-00408,23-Dec-2025,C0814,Consumer,Kanpur,Uttar Pradesh,P084,FitForge Skipping Rope,Sports,Fitness,FitForge,mobile app,Upi,3,₹711.83,₹296.67,15%,₹39.00,26-Dec-2025,No,,,0,0%,5.0
OL-000571,ORD-2025-00410,17-Dec-2025,C0092,Consumer,Kochi,Kerala,P028,SonicBay Soundbar Mini,Electronics,Audio,SonicBay,Website,Cash on Delivery,2,"₹12,522.48","₹7,220.21",5%,₹0.00,21-Dec-2025,No,,,0,0%,
OL-000591,ORD-2025-00423,06-Dec-2025,C0596,Corporate,Siliguri,West Bengal,P089,TrailPeak Hiking Backpack,Sports,Outdoor,TrailPeak,Marketplace,WALLET,1,"₹3,999.22","₹2,093.58",10%,₹0.00,09-Dec-2025,N,,,0,0%,5.0
OL-000608,ORD-2025-00437,07-Dec-2025,C0001,Corporate,Amritsar,Punjab,P006,UrbanThread Printed Casual Shirt,Fashion,Men's Clothing,UrbanThread,marketplace,UPI,2,"₹2,854.74","₹1,292.17",30%,₹0.00,14-Dec-2025,yes,25-Dec-2025,Product Not as Expected,1,5%,
OL-000621,ORD-2025-00447,04-Dec-2025,C0680,Corporate,Hyderabad,Telangana,P019,AeroStep Walking Shoes,Fashion,Footwear,AeroStep,MOBILE APP,Credit Card,1,"₹1,084.42",₹531.47,10%,₹39.00,06-Dec-2025,yes,16-Dec-2025,Late Delivery,1,0%,3.0
OL-000626,ORD-2025-00451,13-Dec-2025,C0313,Consumer,New Delhi,Delhi,P022,AeroStep Training Shoes,Fashion,Footwear,AeroStep,Website,Upi,2,"₹4,684.26","₹2,516.74",10%,₹0.00,20-Dec-2025,Not Returned,,,0,0%,5.0
OL-000638,ORD-2025-00461,05-Dec-2025,C0028,Corporate,Siliguri,West Bengal,P039,ConnectPro Screen Protector Pack,Electronics,Mobile Accessories,ConnectPro,mobile app,Cash on Delivery,2,"₹2,879.31","₹1,872.80",5%,₹0.00,09-Dec-2025,Y,11-Dec-2025,defective product,2,0%,1.0
OL-000646,ORD-2025-00466,02-Dec-2025,C0701,Corporate,Indore,Madhya Pradesh,P070,PureGlow Body Lotion,Beauty,Skin Care,PureGlow,Website,Credit Card,1,"₹2,404.44",₹835.56,20%,₹99.00,08-Dec-2025,Not Returned,,,0,0%,
OL-000647,ORD-2025-00466,02-Dec-2025,C0701,Corporate,Indore,Madhya Pradesh,P041,PixelNest Smart Watch,Electronics,Smart Devices,PixelNest,Website,CREDIT CARD,3,"₹16,193.54","₹10,108.00",10%,₹0.00,09-Dec-2025,N,,,0,0%,
OL-000648,ORD-2025-00467,25-Dec-2025,C0682,Consumer,Jabalpur,Madhya Pradesh,P025,SonicBay Wireless Earbuds,Electronics,Audio,SonicBay,Website,DEBIT CARD,1,"₹7,152.59","₹4,853.62",10%,₹0.00,29-Dec-2025,Not Returned,,,0,0%,
OL-000657,ORD-2025-00473,17-Dec-2025,C0787,Corporate,Thiruvananthapuram,Kerala,P011,MiraMode Cotton Kurta Set,Fashion,Women's Clothing,MiraMode,MOBILE APP,credit card,1,"₹3,777.24","₹1,679.04",10%,₹0.00,20-Dec-2025,No,,,0,0%,5.0
OL-000658,ORD-2025-00474,30-Dec-2025,C0361,Home Office,Indore,Madhya Pradesh,P011,MiraMode Cotton Kurta Set,Fashion,Women's Clothing,MiraMode,Website,Upi,1,"₹3,936.93","₹1,679.04",15%,₹0.00,04-Jan-2026,No,,,0,0%,5.0
OL-000704,ORD-2025-00509,02-Dec-2025,C0296,Consumer,Pune,Maharashtra,P091,TrailPeak Camping Lantern,Sports,Outdoor,TrailPeak,OFFLINE STORE,Credit Card,1,"₹3,556.35","₹2,114.07",5%,₹0.00,05-Dec-2025,Not Returned,,,0,0%,
OL-000705,ORD-2025-00509,02-Dec-2025,C0296,Consumer,Pune,Maharashtra,P088,FitForge Core Slider Set,Sports,Fitness,FitForge,offline store,CREDIT CARD,1,"₹4,817.04","₹2,278.33",20%,₹0.00,06-Dec-2025,Y,25-Dec-2025,Not As Expected,1,5%,2.0
OL-000706,ORD-2025-00509,02-Dec-2025,C0296,Consumer,Pune,Maharashtra,P013,MiraMode Knitted Cardigan,Fashion,Women's Clothing,MiraMode,Offline Store,Credit Card,1,"₹2,263.22","₹1,293.51",25%,₹0.00,02-Dec-2025,N,,,0,0%,
OL-000707,ORD-2025-00510,08-Dec-2025,C0516,Home Office,New Delhi,Delhi,P093,AeroCamp Cycling Helmet,Sports,Outdoor,AeroCamp,offline store,upi,1,"₹3,783.86","₹2,203.61",15%,₹0.00,10-Dec-2025,N,,,0,0%,
OL-000712,ORD-2025-00513,10-Dec-2025,C0344,Consumer,Coimbatore,Tamil Nadu,P081,FitForge Yoga Mat,Sports,Fitness,FitForge,Website,UPI,1,"₹7,543.51","₹3,978.89",10%,₹0.00,15-Dec-2025,Not Returned,,,0,0%,5.0
OL-000730,ORD-2025-00527,15-Dec-2025,C0569,Consumer,Indore,Madhya Pradesh,P086,MoveMax Workout Gloves,Sports,Fitness,MoveMax,website,UPI,1,"₹3,966.17","₹1,613.19",20%,₹0.00,20-Dec-2025,N,,,0,0%,3.0
OL-000731,ORD-2025-00527,15-Dec-2025,C0569,Consumer,Indore,Madhya Pradesh,P053,KitchenRoot Air Fryer,Home & Kitchen,Kitchen,KitchenRoot,website,UPI,1,"₹9,899.46","₹5,632.33",25%,₹0.00,20-Dec-2025,Y,01-Jan-2026,wrong item,1,5%,3.0
OL-000741,ORD-2025-00535,08-Dec-2025,C0131,Consumer,Jodhpur,Rajasthan,P086,MoveMax Workout Gloves,Sports,Fitness,MoveMax,WEBSITE,UPI,2,"₹3,902.79","₹1,613.19",20%,₹0.00,14-Dec-2025,Not Returned,,,0,0%,
OL-000794,ORD-2025-00571,10-Dec-2025,C0651,Consumer,Warangal,Telangana,P058,NestLoom Blackout Curtains,Home & Kitchen,Home Furnishing,NestLoom,Mobile App,Credit Card,3,"₹4,363.62","₹2,429.60",15%,₹0.00,16-Dec-2025,no,,,0,0%,
OL-000809,ORD-2025-00582,23-Dec-2025,C0529,Consumer,Vadodara,Gujarat,P028,SonicBay Soundbar Mini,Electronics,Audio,SonicBay,MARKETPLACE,UPI,2,"₹11,800.93","₹7,220.21",30%,₹0.00,28-Dec-2025,N,,,0,0%,5.0
OL-000810,ORD-2025-00582,23-Dec-2025,C0529,Consumer,Vadodara,Gujarat,P064,CasaBloom Table Runner Set,Home & Kitchen,Home Furnishing,CasaBloom,marketplace,Upi,1,"₹2,693.12","₹1,522.07",25%,₹0.00,01-Jan-2026,yes,21-Jan-2026,quality issue,1,5%,
OL-000819,ORD-2025-00589,29-Dec-2025,C0277,Home Office,Hyderabad,Telangana,P060,SoftHaven Cotton Towel Set,Home & Kitchen,Home Furnishing,SoftHaven,Offline Store,UPI,1,"₹1,916.93",₹789.33,20%,₹0.00,01-Jan-2026,No,,,0,0%,5.0
OL-000820,ORD-2025-00590,18-Dec-2025,C0449,Home Office,Ludhiana,Punjab,P014,MiraMode Straight Fit Trousers,Fashion,Women's Clothing,MiraMode,Mobile App,Credit Card,1,"₹2,315.96",₹955.33,30%,₹99.00,24-Dec-2025,Not Returned,,,0,0%,5.0
OL-000828,ORD-2025-00595,10-Dec-2025,C0037,Consumer,Ludhiana,Punjab,P090,WildRoute Insulated Water Bottle,Sports,Outdoor,WildRoute,MOBILE APP,Debit Card,1,"₹2,011.08",₹949.59,15%,₹49.00,13-Dec-2025,N,,,0,0%,
OL-000829,ORD-2025-00596,01-Dec-2025,C0090,Consumer,Bengaluru,Karnataka,P092,TrailPeak Trekking Pole Set,Sports,Outdoor,TrailPeak,Marketplace,Cash on Delivery,1,"₹2,111.08","₹1,345.49",20%,₹99.00,06-Dec-2025,N,,,0,0%,5.0
OL-000856,ORD-2025-00611,08-Dec-2025,C0634,Consumer,Surat,Gujarat,P015,MiraMode Printed Maxi Dress,Fashion,Women's Clothing,MiraMode,MOBILE APP,UPI,1,"₹3,704.37","₹2,122.23",20%,₹0.00,13-Dec-2025,No,,,0,0%,
OL-000867,ORD-2025-00618,25-Dec-2025,C0468,Corporate,Kochi,Kerala,P002,NorthLane Slim Fit Jeans,Fashion,Men's Clothing,NorthLane,WEBSITE,DEBIT CARD,1,"₹1,084.97",₹591.59,15%,₹59.00,30-Dec-2025,N,,,0,0%,
OL-000877,ORD-2025-00625,12-Dec-2025,C0594,Corporate,Jabalpur,Madhya Pradesh,P004,UrbanThread Casual Chinos,Fashion,Men's Clothing,UrbanThread,Mobile App,upi,1,"₹2,494.00","₹1,378.10",20%,₹79.00,13-Dec-2025,yes,02-Jan-2026,Wrong size,1,0%,
OL-000882,ORD-2025-00629,21-Dec-2025,C0290,Consumer,Amritsar,Punjab,P054,HomeFlame Sandwich Maker,Home & Kitchen,Kitchen,HomeFlame,WEBSITE,UPI,1,"₹8,580.92","₹6,033.47",15%,₹0.00,24-Dec-2025,Not Returned,,,0,0%,5.0
OL-000883,ORD-2025-00629,21-Dec-2025,C0290,Consumer,Amritsar,Punjab,P060,SoftHaven Cotton Towel Set,Home & Kitchen,Home Furnishing,SoftHaven,Website,upi,1,"₹2,000.97",₹789.33,25%,₹59.00,27-Dec-2025,Y,14-Jan-2026,Product Not as Expected,1,5%,2.0
OL-000884,ORD-2025-00630,05-Dec-2025,C0334,Corporate,Bengaluru,Karnataka,P061,CasaBloom Decorative Cushion Set,Home & Kitchen,Home Furnishing,CasaBloom,WEBSITE,UPI,1,"₹5,209.83","₹2,867.87",15%,₹0.00,09-Dec-2025,no,,,0,0%,5.0
OL-000890,ORD-2025-00634,07-Dec-2025,C0481,Consumer,Jodhpur,Rajasthan,P056,CookCraft Hand Blender,Home & Kitchen,Kitchen,CookCraft,website,DEBIT CARD,1,"₹11,852.98","₹6,467.93",15%,₹0.00,14-Dec-2025,Not Returned,,,0,0%,
OL-000891,ORD-2025-00634,07-Dec-2025,C0481,Consumer,Jodhpur,Rajasthan,P059,CasaBloom Memory Foam Pillow,Home & Kitchen,Home Furnishing,CasaBloom,WEBSITE,DEBIT CARD,1,"₹1,168.19",₹598.05,5%,₹79.00,11-Dec-2025,N,,,0,0%,
OL-000892,ORD-2025-00634,07-Dec-2025,C0481,Consumer,Jodhpur,Rajasthan,P002,NorthLane Slim Fit Jeans,Fashion,Men's Clothing,NorthLane,WEBSITE,DEBIT CARD,3,"₹1,130.81",₹591.59,25%,₹0.00,12-Dec-2025,Yes,31-Dec-2025,Wrong Size,3,10%,2.0
OL-000899,ORD-2025-00641,13-Dec-2025,C0760,Consumer,Bengaluru,Karnataka,P017,StrideX Running Sneakers,Fashion,Footwear,StrideX,Mobile App,DEBIT CARD,2,"₹4,322.79","₹2,445.58",15%,₹0.00,17-Dec-2025,no,,,0,0%,
OL-000900,ORD-2025-00641,13-Dec-2025,C0760,Consumer,Bengaluru,Karnataka,P058,NestLoom Blackout Curtains,Home & Kitchen,Home Furnishing,NestLoom,MOBILE APP,Debit Card,1,"₹4,698.75","₹2,429.60",10%,₹0.00,17-Dec-2025,yes,07-Jan-2026,wrong item,1,0%,
OL-000902,ORD-2025-00643,04-Dec-2025,C0066,Corporate,Ludhiana,Punjab,P063,NestLoom Lightweight Comforter,Home & Kitchen,Home Furnishing,NestLoom,Marketplace,Cash on Delivery,1,"₹1,185.36",₹465.94,20%,₹39.00,13-Dec-2025,no,,,0,0%,
OL-000903,ORD-2025-00643,04-Dec-2025,C0066,Corporate,Ludhiana,Punjab,P003,UrbanThread Cotton Polo T-Shirt,Fashion,Men's Clothing,UrbanThread,marketplace,cash on delivery,1,"₹1,906.66","₹1,128.89",10%,₹49.00,10-Dec-2025,no,,,0,0%,1.0
OL-000905,ORD-2025-00645,20-Dec-2025,C0734,Consumer,New Delhi,Delhi,P054,HomeFlame Sandwich Maker,Home & Kitchen,Kitchen,HomeFlame,WEBSITE,COD,1,"₹8,644.78","₹6,033.47",15%,₹0.00,25-Dec-2025,Not Returned,,,0,0%,
OL-000906,ORD-2025-00645,20-Dec-2025,C0734,Consumer,New Delhi,Delhi,P021,FootNest Block Heel Sandals,Fashion,Footwear,FootNest,website,Cash on Delivery,1,"₹4,505.02","₹2,846.55",15%,₹0.00,24-Dec-2025,No,,,0,0%,
OL-000907,ORD-2025-00645,20-Dec-2025,C0734,Consumer,New Delhi,Delhi,P035,VoltEdge USB-C Cable Pack,Electronics,Mobile Accessories,VoltEdge,Website,Cash on Delivery,1,"₹1,643.04","₹1,086.77",5%,₹99.00,23-Dec-2025,Returned,08-Jan-2026,defective product,1,0%,
OL-000908,ORD-2025-00645,20-Dec-2025,C0734,Consumer,New Delhi,Delhi,P065,DermaNest Vitamin C Serum,Beauty,Skin Care,DermaNest,WEBSITE,Cash on Delivery,1,"₹1,755.86",₹646.29,15%,₹79.00,28-Dec-2025,no,,,0,0%,2.0
OL-000951,ORD-2025-00680,09-Dec-2025,C0185,Consumer,Jabalpur,Madhya Pradesh,P072,BloomSkin Lip Care Combo,Beauty,Skin Care,BloomSkin,Website,Upi,1,"₹1,543.99",₹648.65,10%,₹39.00,14-Dec-2025,Yes,04-Jan-2026,Wrong Item,1,0%,
OL-000962,ORD-2025-00688,02-Dec-2025,C0577,Consumer,Siliguri,West Bengal,P008,NorthLane Everyday Crew T-Shirt,Fashion,Men's Clothing,NorthLane,Mobile App,UPI,1,"₹2,848.46","₹1,327.12",10%,₹0.00,08-Dec-2025,yes,27-Dec-2025,Wrong Size,1,0%,2.0
OL-000976,ORD-2025-00696,07-Dec-2025,C0571,Home Office,Jodhpur,Rajasthan,P072,BloomSkin Lip Care Combo,Beauty,Skin Care,BloomSkin,mobile app,WALLET,2,"₹1,566.82",₹648.65,5%,₹0.00,14-Dec-2025,no,,,0,0%,
OL-000977,ORD-2025-00696,07-Dec-2025,C0571,Home Office,Jodhpur,Rajasthan,P097,SkillLeaf Data Analytics Handbook,Books,Books,SkillLeaf,Mobile App,WALLET,2,₹658.54,₹249.11,10%,₹79.00,10-Dec-2025,N,,,0,0%,3.0
OL-000983,ORD-2025-00702,26-Dec-2025,C0105,Corporate,Hyderabad,Telangana,P024,FootNest Formal Oxford Shoes,Fashion,Footwear,FootNest,WEBSITE,DEBIT CARD,1,"₹4,241.99","₹2,201.04",15%,₹0.00,01-Jan-2026,no,,,0,0%,
OL-000984,ORD-2025-00702,26-Dec-2025,C0105,Corporate,Hyderabad,Telangana,P064,CasaBloom Table Runner Set,Home & Kitchen,Home Furnishing,CasaBloom,Website,Debit Card,2,"₹2,642.07","₹1,522.07",15%,₹0.00,29-Dec-2025,N,,,0,0%,5.0
OL-000990,ORD-2025-00707,15-Dec-2025,C0312,Consumer,Kozhikode,Kerala,P018,StrideX Casual Loafers,Fashion,Footwear,StrideX,Marketplace,Upi,1,"₹3,404.14","₹1,816.29",25%,₹0.00,18-Dec-2025,no,,,0,0%,5.0
OL-000991,ORD-2025-00707,15-Dec-2025,C0312,Consumer,Kozhikode,Kerala,P047,HomeSync Digital Photo Frame,Electronics,Smart Devices,HomeSync,MARKETPLACE,Upi,2,"₹3,192.26","₹1,997.47",15%,₹0.00,23-Dec-2025,N,,,0,0%,
OL-000993,ORD-2025-00709,22-Dec-2025,C0216,Consumer,Kozhikode,Kerala,P076,GlowEase Electric Toothbrush,Beauty,Personal Care,GlowEase,WEBSITE,net banking,1,"₹5,283.41","₹3,182.34",15%,₹0.00,26-Dec-2025,No,,,0,0%,
OL-001007,ORD-2025-00718,09-Dec-2025,C0271,Consumer,Thiruvananthapuram,Kerala,P006,UrbanThread Printed Casual Shirt,Fashion,Men's Clothing,UrbanThread,MOBILE APP,upi,1,"₹2,659.74","₹1,292.17",20%,₹0.00,15-Dec-2025,yes,30-Dec-2025,Product Not as Expected,1,5%,2.0
OL-001017,ORD-2025-00722,10-Dec-2025,C0045,Corporate,Nagpur,Maharashtra,P062,NestLoom Floor Mat Set,Home & Kitchen,Home Furnishing,NestLoom,website,Net Banking,3,"₹3,334.63","₹1,409.58",15%,₹0.00,14-Dec-2025,N,,,0,0%,4.0
OL-001018,ORD-2025-00722,10-Dec-2025,C0045,Corporate,Nagpur,Maharashtra,P052,CookCraft Storage Container Set,Home & Kitchen,Kitchen,CookCraft,Website,NET BANKING,1,"₹4,842.08","₹2,633.10",30%,₹0.00,18-Dec-2025,yes,20-Dec-2025,Product Not as Expected,1,0%,1.0
OL-001024,ORD-2025-00727,21-Dec-2025,C0401,Corporate,Jabalpur,Madhya Pradesh,P052,CookCraft Storage Container Set,Home & Kitchen,Kitchen,CookCraft,WEBSITE,CREDIT CARD,1,"₹4,738.88","₹2,633.10",20%,₹0.00,26-Dec-2025,N,,,0,0%,
OL-001025,ORD-2025-00728,19-Dec-2025,C0781,Home Office,Chandigarh,Punjab,P017,StrideX Running Sneakers,Fashion,Footwear,StrideX,MOBILE APP,UPI,2,"₹4,464.24","₹2,445.58",15%,₹0.00,24-Dec-2025,N,,,0,0%,
OL-001029,ORD-2025-00731,20-Dec-2025,C0001,Corporate,Amritsar,Punjab,P082,MoveMax Resistance Band Set,Sports,Fitness,MoveMax,offline store,Upi,1,"₹1,191.69",₹571.97,20%,₹0.00,22-Dec-2025,Y,25-Dec-2025,Product Not as Expected,1,0%,2.0
OL-001030,ORD-2025-00732,11-Dec-2025,C0518,Consumer,New Delhi,Delhi,P051,KitchenRoot Electric Kettle,Home & Kitchen,Kitchen,KitchenRoot,Offline Store,Debit Card,1,"₹7,538.20","₹4,395.70",20%,₹0.00,13-Dec-2025,no,,,0,0%,4.0
OL-001043,ORD-2025-00742,15-Dec-2025,C0812,Home Office,Bhopal,Madhya Pradesh,P020,FootNest Flat Sandals,Fashion,Footwear,FootNest,Offline Store,debit card,2,"₹2,257.26","₹1,191.67",30%,₹0.00,17-Dec-2025,yes,30-Dec-2025,quality issue,2,5%,
OL-001044,ORD-2025-00742,15-Dec-2025,C0812,Home Office,Bhopal,Madhya Pradesh,P002,NorthLane Slim Fit Jeans,Fashion,Men's Clothing,NorthLane,offline store,Debit Card,3,"₹1,095.12",₹591.59,20%,₹0.00,17-Dec-2025,no,,,0,0%,4.0
OL-001045,ORD-2025-00742,15-Dec-2025,C0812,Home Office,Bhopal,Madhya Pradesh,P066,DermaNest Hydrating Face Wash,Beauty,Skin Care,DermaNest,OFFLINE STORE,debit card,2,"₹2,514.11","₹1,186.47",15%,₹0.00,16-Dec-2025,Returned,11-Jan-2026,Wrong Item,2,0%,2.0
OL-001050,ORD-2025-00744,30-Dec-2025,C0741,Home Office,Madurai,Tamil Nadu,P060,SoftHaven Cotton Towel Set,Home & Kitchen,Home Furnishing,SoftHaven,website,UPI,2,"₹2,067.34",₹789.33,20%,₹0.00,03-Jan-2026,Not Returned,,,0,0%,4.0
OL-001051,ORD-2025-00745,29-Dec-2025,C0123,Consumer,Coimbatore,Tamil Nadu,P061,CasaBloom Decorative Cushion Set,Home & Kitchen,Home Furnishing,CasaBloom,mobile app,Upi,3,"₹5,199.00","₹2,867.87",10%,₹0.00,03-Jan-2026,Y,10-Jan-2026,changed mind,3,15%,
OL-001052,ORD-2025-00745,29-Dec-2025,C0123,Consumer,Coimbatore,Tamil Nadu,P051,KitchenRoot Electric Kettle,Home & Kitchen,Kitchen,KitchenRoot,mobile app,upi,3,"₹7,595.12","₹4,395.70",25%,₹0.00,31-Dec-2025,no,,,0,0%,4.0
OL-001061,ORD-2025-00752,11-Dec-2025,C0241,Consumer,Jodhpur,Rajasthan,P049,HomeFlame Non-Stick Cookware Set,Home & Kitchen,Kitchen,HomeFlame,OFFLINE STORE,UPI,1,"₹9,201.99","₹6,307.48",25%,₹0.00,11-Dec-2025,Returned,17-Dec-2025,Wrong item,1,0%,
OL-001083,ORD-2025-00769,02-Dec-2025,C0473,Corporate,Amritsar,Punjab,P071,DermaNest Clay Face Mask,Beauty,Skin Care,DermaNest,marketplace,CREDIT CARD,2,₹872.85,₹349.54,30%,₹79.00,09-Dec-2025,Returned,12-Dec-2025,Quality Issue,2,0%,
OL-001088,ORD-2025-00774,18-Dec-2025,C0750,Consumer,Noida,Uttar Pradesh,P097,SkillLeaf Data Analytics Handbook,Books,Books,SkillLeaf,Offline Store,Credit Card,1,₹706.86,₹249.11,5%,₹0.00,19-Dec-2025,no,,,0,0%,
OL-001100,ORD-2025-00784,28-Dec-2025,C0365,Consumer,Nashik,Maharashtra,P063,NestLoom Lightweight Comforter,Home & Kitchen,Home Furnishing,NestLoom,marketplace,COD,2,"₹1,163.94",₹465.94,20%,₹49.00,01-Jan-2026,No,,,0,0%,
OL-001129,ORD-2025-00806,17-Dec-2025,C0712,Consumer,Chennai,Tamil Nadu,P055,CookCraft Induction Cooktop,Home & Kitchen,Kitchen,CookCraft,MOBILE APP,UPI,1,"₹10,186.40","₹5,775.47",10%,₹0.00,23-Dec-2025,N,,,0,0%,
OL-001134,ORD-2025-00809,18-Dec-2025,C0820,Consumer,Kolkata,West Bengal,P100,SkillLeaf The Productivity System,Books,Books,SkillLeaf,Mobile App,Upi,1,₹605.49,₹247.93,20%,₹49.00,24-Dec-2025,N,,,0,0%,
OL-001135,ORD-2025-00809,18-Dec-2025,C0820,Consumer,Kolkata,West Bengal,P013,MiraMode Knitted Cardigan,Fashion,Women's Clothing,MiraMode,mobile app,Upi,2,"₹2,353.04","₹1,293.51",20%,₹0.00,21-Dec-2025,Not Returned,,,0,0%,
OL-001146,ORD-2025-00818,09-Dec-2025,C0577,Consumer,Siliguri,West Bengal,P075,GroomLab Hair Straightener,Beauty,Personal Care,GroomLab,Website,upi,3,"₹3,402.09","₹1,901.20",15%,₹0.00,14-Dec-2025,no,,,0,0%,3.0
OL-001147,ORD-2025-00818,09-Dec-2025,C0577,Consumer,Siliguri,West Bengal,P040,VoltEdge Travel Adapter,Electronics,Mobile Accessories,VoltEdge,WEBSITE,upi,1,₹823.48,₹555.01,20%,₹59.00,15-Dec-2025,No,,,0,0%,
OL-001152,ORD-2025-00823,14-Dec-2025,C0151,Consumer,Ahmedabad,Gujarat,P010,AuraStyle High Rise Jeans,Fashion,Women's Clothing,AuraStyle,website,Debit Card,1,"₹1,621.83",₹619.70,20%,₹39.00,20-Dec-2025,No,,,0,0%,
OL-001155,ORD-2025-00826,07-Dec-2025,C0766,Consumer,Chennai,Tamil Nadu,P062,NestLoom Floor Mat Set,Home & Kitchen,Home Furnishing,NestLoom,Offline Store,Credit Card,2,"₹3,490.42","₹1,409.58",10%,₹0.00,09-Dec-2025,No,,,0,0%,
OL-001161,ORD-2025-00831,06-Dec-2025,C0525,Consumer,New Delhi,Delhi,P091,TrailPeak Camping Lantern,Sports,Outdoor,TrailPeak,MOBILE APP,Debit Card,2,"₹3,681.75","₹2,114.07",20%,₹0.00,10-Dec-2025,No,,,0,0%,
OL-001162,ORD-2025-00831,06-Dec-2025,C0525,Consumer,New Delhi,Delhi,P042,PixelNest Fitness Band,Electronics,Smart Devices,PixelNest,mobile app,debit card,1,"₹5,057.57","₹3,685.96",25%,₹0.00,10-Dec-2025,no,,,0,0%,
OL-001163,ORD-2025-00831,06-Dec-2025,C0525,Consumer,New Delhi,Delhi,P080,GlowEase Body Care Gift Set,Beauty,Personal Care,GlowEase,Mobile App,Debit Card,1,"₹5,803.69","₹3,698.48",10%,₹0.00,10-Dec-2025,no,,,0,0%,
OL-001164,ORD-2025-00831,06-Dec-2025,C0525,Consumer,New Delhi,Delhi,P062,NestLoom Floor Mat Set,Home & Kitchen,Home Furnishing,NestLoom,mobile app,Debit Card,2,"₹3,612.41","₹1,409.58",5%,₹0.00,12-Dec-2025,no,,,0,0%,
OL-001188,ORD-2025-00849,21-Dec-2025,C0515,Corporate,New Delhi,Delhi,P056,CookCraft Hand Blender,Home & Kitchen,Kitchen,CookCraft,MARKETPLACE,cash on delivery,1,"₹11,544.53","₹6,467.93",5%,₹0.00,26-Dec-2025,Not Returned,,,0,0%,
OL-001197,ORD-2025-00856,13-Dec-2025,C0498,Consumer,Warangal,Telangana,P045,PixelNest Streaming Stick,Electronics,Smart Devices,PixelNest,website,Debit Card,3,"₹5,173.92","₹4,170.85",10%,₹0.00,20-Dec-2025,Not Returned,,,0,0%,4.0
OL-001201,ORD-2025-00859,08-Dec-2025,C0003,Consumer,Pune,Maharashtra,P051,KitchenRoot Electric Kettle,Home & Kitchen,Kitchen,KitchenRoot,WEBSITE,NET BANKING,1,"₹7,125.07","₹4,395.70",15%,₹0.00,11-Dec-2025,no,,,0,0%,
OL-001206,ORD-2025-00863,08-Dec-2025,C0667,Home Office,Bengaluru,Karnataka,P042,PixelNest Fitness Band,Electronics,Smart Devices,PixelNest,MARKETPLACE,Credit Card,2,"₹5,164.91","₹3,685.96",20%,₹0.00,14-Dec-2025,no,,,0,0%,
OL-001207,ORD-2025-00864,13-Dec-2025,C0632,Consumer,Lucknow,Uttar Pradesh,P023,AeroStep Slip-On Sneakers,Fashion,Footwear,AeroStep,website,Debit Card,1,"₹3,972.38","₹2,443.63",20%,₹0.00,18-Dec-2025,Yes,15-Jan-2026,Wrong Size,1,5%,3.0
OL-001210,ORD-2025-00866,13-Dec-2025,C0200,Home Office,Coimbatore,Tamil Nadu,P013,MiraMode Knitted Cardigan,Fashion,Women's Clothing,MiraMode,Website,credit card,1,"₹2,226.75","₹1,293.51",10%,₹79.00,19-Dec-2025,no,,,0,0%,5.0
OL-001211,ORD-2025-00866,13-Dec-2025,C0200,Home Office,Coimbatore,Tamil Nadu,P026,SonicBay Bluetooth Speaker,Electronics,Audio,SonicBay,website,Credit Card,2,"₹7,209.13","₹5,106.31",20%,₹0.00,19-Dec-2025,Yes,06-Jan-2026,Not As Expected,2,5%,
OL-001216,ORD-2025-00869,24-Dec-2025,C0689,Corporate,Madurai,Tamil Nadu,P052,CookCraft Storage Container Set,Home & Kitchen,Kitchen,CookCraft,WEBSITE,UPI,1,"₹4,751.64","₹2,633.10",15%,₹0.00,28-Dec-2025,Not Returned,,,0,0%,
OL-001217,ORD-2025-00869,24-Dec-2025,C0689,Corporate,Madurai,Tamil Nadu,P047,HomeSync Digital Photo Frame,Electronics,Smart Devices,HomeSync,website,Upi,1,"₹3,109.27","₹1,997.47",0%,₹0.00,27-Dec-2025,Yes,22-Jan-2026,Defective product,1,0%,1.0
OL-001254,ORD-2025-00895,04-Dec-2025,C0611,Consumer,Siliguri,West Bengal,P061,CasaBloom Decorative Cushion Set,Home & Kitchen,Home Furnishing,CasaBloom,Website,upi,1,"₹5,078.33","₹2,867.87",20%,₹0.00,11-Dec-2025,N,,,0,0%,
OL-001255,ORD-2025-00895,04-Dec-2025,C0611,Consumer,Siliguri,West Bengal,P101,BrightPage Modern Marketing Playbook,Books,Books,BrightPage,WEBSITE,upi,1,"₹1,308.85",₹460.56,30%,₹99.00,07-Dec-2025,Returned,03-Jan-2026,Damaged Product,1,0%,4.0
OL-001262,ORD-2025-00901,08-Dec-2025,C0789,Corporate,Siliguri,West Bengal,P006,UrbanThread Printed Casual Shirt,Fashion,Men's Clothing,UrbanThread,MARKETPLACE,credit card,2,"₹2,920.26","₹1,292.17",20%,₹0.00,14-Dec-2025,N,,,0,0%,
OL-001270,ORD-2025-00908,15-Dec-2025,C0069,Home Office,Indore,Madhya Pradesh,P027,PulseTech Over-Ear Headphones,Electronics,Audio,PulseTech,Mobile App,upi,1,"₹11,682.76","₹8,206.05",30%,₹0.00,19-Dec-2025,Yes,03-Jan-2026,Damaged Product,1,0%,1.0
OL-001271,ORD-2025-00908,15-Dec-2025,C0069,Home Office,Indore,Madhya Pradesh,P017,StrideX Running Sneakers,Fashion,Footwear,StrideX,Mobile App,UPI,1,"₹4,594.42","₹2,445.58",0%,₹0.00,21-Dec-2025,yes,24-Dec-2025,Late Delivery,1,0%,1.0
OL-001273,ORD-2025-00910,02-Dec-2025,C0363,Home Office,Udaipur,Rajasthan,P053,KitchenRoot Air Fryer,Home & Kitchen,Kitchen,KitchenRoot,Mobile App,UPI,4,"₹9,858.67","₹5,632.33",30%,₹0.00,05-Dec-2025,N,,,0,0%,
OL-001275,ORD-2025-00912,15-Dec-2025,C0137,Consumer,Coimbatore,Tamil Nadu,P053,KitchenRoot Air Fryer,Home & Kitchen,Kitchen,KitchenRoot,Marketplace,debit card,2,"₹9,963.25","₹5,632.33",20%,₹0.00,21-Dec-2025,N,,,0,0%,
OL-001299,ORD-2025-00933,25-Dec-2025,C0529,Consumer,Vadodara,Gujarat,P041,PixelNest Smart Watch,Electronics,Smart Devices,PixelNest,MOBILE APP,Debit Card,2,"₹16,393.30","₹10,108.00",0%,₹0.00,26-Dec-2025,No,,,0,0%,
OL-001329,ORD-2025-00954,28-Dec-2025,C0107,Consumer,Jaipur,Rajasthan,P013,MiraMode Knitted Cardigan,Fashion,Women's Clothing,MiraMode,WEBSITE,upi,1,"₹2,407.31","₹1,293.51",30%,₹39.00,01-Jan-2026,N,,,0,0%,
OL-001330,ORD-2025-00954,28-Dec-2025,C0107,Consumer,Jaipur,Rajasthan,P026,SonicBay Bluetooth Speaker,Electronics,Audio,SonicBay,Website,UPI,1,"₹7,830.99","₹5,106.31",5%,₹0.00,31-Dec-2025,Not Returned,,,0,0%,5.0
OL-001331,ORD-2025-00954,28-Dec-2025,C0107,Consumer,Jaipur,Rajasthan,P047,HomeSync Digital Photo Frame,Electronics,Smart Devices,HomeSync,website,UPI,2,"₹2,933.45","₹1,997.47",10%,₹0.00,02-Jan-2026,N,,,0,0%,
OL-001332,ORD-2025-00954,28-Dec-2025,C0107,Consumer,Jaipur,Rajasthan,P006,UrbanThread Printed Casual Shirt,Fashion,Men's Clothing,UrbanThread,Website,UPI,2,"₹2,841.23","₹1,292.17",20%,₹0.00,02-Jan-2026,Yes,21-Jan-2026,wrong size,2,0%,
OL-001368,ORD-2025-00983,28-Dec-2025,C0758,Corporate,Bengaluru,Karnataka,P045,PixelNest Streaming Stick,Electronics,Smart Devices,PixelNest,OFFLINE STORE,DEBIT CARD,1,"₹5,067.83","₹4,170.85",15%,₹0.00,29-Dec-2025,N,,,0,0%,
OL-001369,ORD-2025-00983,28-Dec-2025,C0758,Corporate,Bengaluru,Karnataka,P055,CookCraft Induction Cooktop,Home & Kitchen,Kitchen,CookCraft,Offline Store,Debit Card,2,"₹10,184.68","₹5,775.47",20%,₹0.00,29-Dec-2025,Not Returned,,,0,0%,4.0
OL-001370,ORD-2025-00983,28-Dec-2025,C0758,Corporate,Bengaluru,Karnataka,P020,FootNest Flat Sandals,Fashion,Footwear,FootNest,offline store,debit card,1,"₹2,467.69","₹1,191.67",20%,₹0.00,30-Dec-2025,no,,,0,0%,5.0
OL-001371,ORD-2025-00983,28-Dec-2025,C0758,Corporate,Bengaluru,Karnataka,P095,TrailPeak Sports Duffel Bag,Sports,Outdoor,TrailPeak,OFFLINE STORE,debit card,1,"₹2,916.53","₹1,568.04",20%,₹0.00,31-Dec-2025,No,,,0,0%,5.0
OL-001390,ORD-2025-01001,18-Dec-2025,C0475,Corporate,Ahmedabad,Gujarat,P051,KitchenRoot Electric Kettle,Home & Kitchen,Kitchen,KitchenRoot,marketplace,UPI,2,"₹6,968.82","₹4,395.70",5%,₹0.00,24-Dec-2025,N,,,0,0%,5.0
OL-001396,ORD-2025-01004,04-Dec-2025,C0654,Consumer,Ludhiana,Punjab,P002,NorthLane Slim Fit Jeans,Fashion,Men's Clothing,NorthLane,MARKETPLACE,Wallet,1,"₹1,072.27",₹591.59,25%,₹59.00,12-Dec-2025,no,,,0,0%,3.0
OL-001397,ORD-2025-01004,04-Dec-2025,C0654,Consumer,Ludhiana,Punjab,P101,BrightPage Modern Marketing Playbook,Books,Books,BrightPage,marketplace,Wallet,1,"₹1,250.34",₹460.56,25%,₹39.00,12-Dec-2025,N,,,0,0%,
OL-001407,ORD-2025-01010,08-Dec-2025,C0289,Home Office,Chandigarh,Punjab,P046,PixelNest Smart Plug Pack,Electronics,Smart Devices,PixelNest,Website,Debit Card,1,"₹10,515.23","₹7,571.95",25%,₹0.00,11-Dec-2025,Not Returned,,,0,0%,3.0
OL-001408,ORD-2025-01010,08-Dec-2025,C0289,Home Office,Chandigarh,Punjab,P008,NorthLane Everyday Crew T-Shirt,Fashion,Men's Clothing,NorthLane,Website,Debit Card,1,"₹2,698.69","₹1,327.12",15%,₹0.00,14-Dec-2025,Not Returned,,,0,0%,
OL-001412,ORD-2025-01014,12-Dec-2025,C0165,Home Office,Vadodara,Gujarat,P032,SonicBay Studio Headphones,Electronics,Audio,SonicBay,marketplace,credit card,1,"₹1,581.10","₹1,085.23",20%,₹99.00,18-Dec-2025,N,,,0,0%,5.0
OL-001420,ORD-2025-01022,10-Dec-2025,C0737,Consumer,Jabalpur,Madhya Pradesh,P002,NorthLane Slim Fit Jeans,Fashion,Men's Clothing,NorthLane,Mobile App,DEBIT CARD,1,"₹1,129.52",₹591.59,15%,₹59.00,11-Dec-2025,Returned,24-Dec-2025,Quality Issue,1,0%,1.0
OL-001423,ORD-2025-01025,29-Dec-2025,C0347,Consumer,Chandigarh,Punjab,P035,VoltEdge USB-C Cable Pack,Electronics,Mobile Accessories,VoltEdge,mobile app,credit card,2,"₹1,556.45","₹1,086.77",30%,₹0.00,03-Jan-2026,Returned,12-Jan-2026,Defective product,2,0%,
OL-001424,ORD-2025-01025,29-Dec-2025,C0347,Consumer,Chandigarh,Punjab,P087,MoveMax Kettlebell,Sports,Fitness,MoveMax,mobile app,Credit Card,3,"₹8,534.03","₹4,195.76",25%,₹0.00,01-Jan-2026,Not Returned,,,0,0%,
OL-001433,ORD-2025-01032,21-Dec-2025,C0401,Corporate,Jabalpur,Madhya Pradesh,P064,CasaBloom Table Runner Set,Home & Kitchen,Home Furnishing,CasaBloom,marketplace,Upi,1,"₹2,796.69","₹1,522.07",30%,₹0.00,29-Dec-2025,Not Returned,,,0,0%,
OL-001450,ORD-2025-01044,30-Dec-2025,C0827,Consumer,Ahmedabad,Gujarat,P095,TrailPeak Sports Duffel Bag,Sports,Outdoor,TrailPeak,MARKETPLACE,upi,2,"₹3,035.69","₹1,568.04",10%,₹0.00,03-Jan-2026,Not Returned,,,0,0%,
OL-001451,ORD-2025-01044,30-Dec-2025,C0827,Consumer,Ahmedabad,Gujarat,P019,AeroStep Walking Shoes,Fashion,Footwear,AeroStep,Marketplace,UPI,1,"₹1,067.04",₹531.47,25%,₹99.00,03-Jan-2026,Not Returned,,,0,0%,5.0
OL-001459,ORD-2025-01049,23-Dec-2025,C0744,Consumer,Jodhpur,Rajasthan,P024,FootNest Formal Oxford Shoes,Fashion,Footwear,FootNest,Marketplace,Wallet,1,"₹4,305.31","₹2,201.04",20%,₹0.00,01-Jan-2026,N,,,0,0%,4.0
OL-001460,ORD-2025-01049,23-Dec-2025,C0744,Consumer,Jodhpur,Rajasthan,P036,ConnectPro Phone Case,Electronics,Mobile Accessories,ConnectPro,marketplace,WALLET,1,"₹1,244.08",₹797.74,5%,₹99.00,30-Dec-2025,Not Returned,,,0,0%,5.0
OL-001461,ORD-2025-01049,23-Dec-2025,C0744,Consumer,Jodhpur,Rajasthan,P002,NorthLane Slim Fit Jeans,Fashion,Men's Clothing,NorthLane,marketplace,wallet,1,"₹1,175.87",₹591.59,25%,₹99.00,31-Dec-2025,Not Returned,,,0,0%,5.0
OL-001464,ORD-2025-01052,22-Dec-2025,C0022,Consumer,Indore,Madhya Pradesh,P046,PixelNest Smart Plug Pack,Electronics,Smart Devices,PixelNest,WEBSITE,UPI,1,"₹10,154.13","₹7,571.95",30%,₹0.00,27-Dec-2025,no,,,0,0%,3.0
OL-001468,ORD-2025-01055,26-Dec-2025,C0072,Corporate,Kolkata,West Bengal,P096,WildRoute Compact Binoculars,Sports,Outdoor,WildRoute,Mobile App,UPI,1,"₹4,488.74","₹2,906.69",20%,₹0.00,28-Dec-2025,No,,,0,0%,3.0
OL-001469,ORD-2025-01055,26-Dec-2025,C0072,Corporate,Kolkata,West Bengal,P020,FootNest Flat Sandals,Fashion,Footwear,FootNest,Mobile App,Upi,2,"₹2,354.67","₹1,191.67",20%,₹0.00,29-Dec-2025,no,,,0,0%,
OL-001470,ORD-2025-01055,26-Dec-2025,C0072,Corporate,Kolkata,West Bengal,P010,AuraStyle High Rise Jeans,Fashion,Women's Clothing,AuraStyle,MOBILE APP,Upi,1,"₹1,573.75",₹619.70,10%,₹59.00,29-Dec-2025,no,,,0,0%,4.0
OL-001477,ORD-2025-01060,06-Dec-2025,C0065,Corporate,Mangaluru,Karnataka,P079,GlowEase Hair Styling Brush,Beauty,Personal Care,GlowEase,WEBSITE,Credit Card,2,"₹4,819.07","₹2,198.07",10%,₹0.00,12-Dec-2025,no,,,0,0%,
OL-001482,ORD-2025-01064,21-Dec-2025,C0804,Consumer,Jabalpur,Madhya Pradesh,P080,GlowEase Body Care Gift Set,Beauty,Personal Care,GlowEase,Marketplace,upi,1,"₹5,975.60","₹3,698.48",10%,₹0.00,25-Dec-2025,Not Returned,,,0,0%,
OL-001483,ORD-2025-01065,17-Dec-2025,C0073,Consumer,Nagpur,Maharashtra,P103,InsightPress SQL Practice Workbook,Books,Books,InsightPress,Marketplace,Cash on Delivery,1,₹900.44,₹330.48,5%,₹59.00,24-Dec-2025,No,,,0,0%,
OL-001491,ORD-2025-01073,24-Dec-2025,C0581,Consumer,Surat,Gujarat,P005,UrbanThread Lightweight Jacket,Fashion,Men's Clothing,UrbanThread,WEBSITE,UPI,2,"₹1,254.78",₹646.63,15%,₹0.00,28-Dec-2025,Y,05-Jan-2026,Wrong Size,2,0%,2.0
OL-001492,ORD-2025-01073,24-Dec-2025,C0581,Consumer,Surat,Gujarat,P079,GlowEase Hair Styling Brush,Beauty,Personal Care,GlowEase,Website,UPI,1,"₹4,643.08","₹2,198.07",20%,₹0.00,28-Dec-2025,no,,,0,0%,
OL-001494,ORD-2025-01075,15-Dec-2025,C0548,Home Office,Warangal,Telangana,P055,CookCraft Induction Cooktop,Home & Kitchen,Kitchen,CookCraft,Website,upi,2,"₹10,101.42","₹5,775.47",5%,₹0.00,22-Dec-2025,no,,,0,0%,5.0
OL-001497,ORD-2025-01078,10-Dec-2025,C0683,Consumer,Bengaluru,Karnataka,P090,WildRoute Insulated Water Bottle,Sports,Outdoor,WildRoute,marketplace,Debit Card,1,"₹2,002.98",₹949.59,30%,₹79.00,17-Dec-2025,No,,,0,0%,
OL-001505,ORD-2025-01084,28-Dec-2025,C0167,Home Office,Jaipur,Rajasthan,P006,UrbanThread Printed Casual Shirt,Fashion,Men's Clothing,UrbanThread,Marketplace,DEBIT CARD,1,"₹2,686.45","₹1,292.17",15%,₹0.00,04-Jan-2026,Returned,18-Jan-2026,Wrong Size,1,5%,4.0
OL-001515,ORD-2025-01091,25-Dec-2025,C0614,Corporate,Siliguri,West Bengal,P066,DermaNest Hydrating Face Wash,Beauty,Skin Care,DermaNest,WEBSITE,Credit Card,1,"₹2,511.59","₹1,186.47",15%,₹0.00,27-Dec-2025,Returned,15-Jan-2026,wrong item,1,0%,1.0
OL-001516,ORD-2025-01091,25-Dec-2025,C0614,Corporate,Siliguri,West Bengal,P006,UrbanThread Printed Casual Shirt,Fashion,Men's Clothing,UrbanThread,WEBSITE,CREDIT CARD,1,"₹2,760.29","₹1,292.17",10%,₹0.00,31-Dec-2025,no,,,0,0%,3.0
OL-001517,ORD-2025-01091,25-Dec-2025,C0614,Corporate,Siliguri,West Bengal,P002,NorthLane Slim Fit Jeans,Fashion,Men's Clothing,NorthLane,website,CREDIT CARD,1,"₹1,108.86",₹591.59,25%,₹39.00,31-Dec-2025,Not Returned,,,0,0%,
OL-001518,ORD-2025-01091,25-Dec-2025,C0614,Corporate,Siliguri,West Bengal,P081,FitForge Yoga Mat,Sports,Fitness,FitForge,website,Credit Card,2,"₹6,864.23","₹3,978.89",15%,₹0.00,29-Dec-2025,N,,,0,0%,4.0
OL-001520,ORD-2025-01093,28-Dec-2025,C0141,Consumer,Hyderabad,Telangana,P063,NestLoom Lightweight Comforter,Home & Kitchen,Home Furnishing,NestLoom,Mobile App,CREDIT CARD,1,"₹1,255.21",₹465.94,10%,₹59.00,02-Jan-2026,Not Returned,,,0,0%,5.0
OL-001521,ORD-2025-01093,28-Dec-2025,C0141,Consumer,Hyderabad,Telangana,P103,InsightPress SQL Practice Workbook,Books,Books,InsightPress,mobile app,Credit Card,1,₹877.07,₹330.48,20%,₹39.00,30-Dec-2025,no,,,0,0%,4.0
OL-001522,ORD-2025-01093,28-Dec-2025,C0141,Consumer,Hyderabad,Telangana,P006,UrbanThread Printed Casual Shirt,Fashion,Men's Clothing,UrbanThread,mobile app,credit card,1,"₹2,784.59","₹1,292.17",20%,₹0.00,29-Dec-2025,yes,31-Dec-2025,Late Delivery,1,0%,
OL-001529,ORD-2025-01100,07-Dec-2025,C0401,Corporate,Jabalpur,Madhya Pradesh,P053,KitchenRoot Air Fryer,Home & Kitchen,Kitchen,KitchenRoot,website,Net Banking,1,"₹10,059.47","₹5,632.33",10%,₹0.00,10-Dec-2025,Not Returned,,,0,0%,
OL-001530,ORD-2025-01100,07-Dec-2025,C0401,Corporate,Jabalpur,Madhya Pradesh,P033,VoltEdge Fast Charging Adapter,Electronics,Mobile Accessories,VoltEdge,Website,Net Banking,1,"₹3,392.51","₹1,702.67",15%,₹0.00,13-Dec-2025,Yes,19-Dec-2025,damaged product,1,0%,2.0
OL-001531,ORD-2025-01100,07-Dec-2025,C0401,Corporate,Jabalpur,Madhya Pradesh,P084,FitForge Skipping Rope,Sports,Fitness,FitForge,Website,net banking,1,₹697.46,₹296.67,5%,₹39.00,09-Dec-2025,Not Returned,,,0,0%,5.0
OL-001532,ORD-2025-01100,07-Dec-2025,C0401,Corporate,Jabalpur,Madhya Pradesh,P072,BloomSkin Lip Care Combo,Beauty,Skin Care,BloomSkin,Website,Net Banking,1,"₹1,481.93",₹648.65,30%,₹99.00,13-Dec-2025,Not Returned,,,0,0%,4.0
OL-001533,ORD-2025-01101,10-Dec-2025,C0503,Consumer,Surat,Gujarat,P063,NestLoom Lightweight Comforter,Home & Kitchen,Home Furnishing,NestLoom,Website,Debit Card,4,"₹1,141.71",₹465.94,5%,₹0.00,16-Dec-2025,yes,26-Dec-2025,Damaged Product,4,0%,3.0
OL-001534,ORD-2025-01102,16-Dec-2025,C0067,Consumer,Chandigarh,Punjab,P040,VoltEdge Travel Adapter,Electronics,Mobile Accessories,VoltEdge,offline store,debit card,2,₹837.26,₹555.01,0%,₹0.00,18-Dec-2025,N,,,0,0%,5.0
OL-001577,ORD-2025-01133,20-Dec-2025,C0139,Consumer,Coimbatore,Tamil Nadu,P001,UrbanThread Classic Fit Shirt,Fashion,Men's Clothing,UrbanThread,Mobile App,UPI,1,"₹2,133.18","₹1,197.48",15%,₹49.00,23-Dec-2025,Returned,10-Jan-2026,Wrong size,1,0%,1.0
OL-001592,ORD-2025-01144,22-Dec-2025,C0580,Corporate,Indore,Madhya Pradesh,P068,DermaNest Night Repair Cream,Beauty,Skin Care,DermaNest,Website,Cash on Delivery,1,"₹1,109.92",₹376.87,15%,₹59.00,24-Dec-2025,no,,,0,0%,
OL-001594,ORD-2025-01146,25-Dec-2025,C0691,Home Office,Thiruvananthapuram,Kerala,P083,FitForge Adjustable Dumbbells,Sports,Fitness,FitForge,MOBILE APP,Credit Card,4,"₹8,414.39","₹4,814.22",0%,₹0.00,27-Dec-2025,N,,,0,0%,
OL-001647,ORD-2025-01185,28-Dec-2025,C0605,Consumer,Chennai,Tamil Nadu,P057,NestLoom Bedsheet Set,Home & Kitchen,Home Furnishing,NestLoom,website,net banking,1,"₹3,388.16","₹1,790.83",20%,₹0.00,01-Jan-2026,N,,,0,0%,
OL-001653,ORD-2025-01188,05-Dec-2025,C0610,Consumer,Nashik,Maharashtra,P005,UrbanThread Lightweight Jacket,Fashion,Men's Clothing,UrbanThread,Website,upi,1,"₹1,259.75",₹646.63,5%,₹99.00,11-Dec-2025,Not Returned,,,0,0%,
OL-001663,ORD-2025-01196,08-Dec-2025,C0665,Consumer,Nashik,Maharashtra,P084,FitForge Skipping Rope,Sports,Fitness,FitForge,website,UPI,1,₹664.17,₹296.67,15%,₹79.00,13-Dec-2025,yes,30-Dec-2025,Wrong Size,1,0%,
OL-001664,ORD-2025-01196,08-Dec-2025,C0665,Consumer,Nashik,Maharashtra,P066,DermaNest Hydrating Face Wash,Beauty,Skin Care,DermaNest,Website,UPI,1,"₹2,289.63","₹1,186.47",25%,₹99.00,13-Dec-2025,N,,,0,0%,
OL-001673,ORD-2025-01204,22-Dec-2025,C0562,Consumer,New Delhi,Delhi,P091,TrailPeak Camping Lantern,Sports,Outdoor,TrailPeak,OFFLINE STORE,debit card,1,"₹3,324.79","₹2,114.07",30%,₹0.00,23-Dec-2025,Not Returned,,,0,0%,4.0
OL-001674,ORD-2025-01204,22-Dec-2025,C0562,Consumer,New Delhi,Delhi,P035,VoltEdge USB-C Cable Pack,Electronics,Mobile Accessories,VoltEdge,Offline Store,DEBIT CARD,3,"₹1,508.70","₹1,086.77",25%,₹0.00,23-Dec-2025,Not Returned,,,0,0%,
OL-001679,ORD-2025-01209,15-Dec-2025,C0761,Corporate,Chandigarh,Punjab,P010,AuraStyle High Rise Jeans,Fashion,Women's Clothing,AuraStyle,website,upi,1,"₹1,559.75",₹619.70,20%,₹39.00,18-Dec-2025,no,,,0,0%,5.0
OL-001703,ORD-2025-01227,26-Dec-2025,C0819,Consumer,Jaipur,Rajasthan,P019,AeroStep Walking Shoes,Fashion,Footwear,AeroStep,Website,Cash on Delivery,1,"₹1,041.59",₹531.47,30%,₹49.00,31-Dec-2025,N,,,0,0%,5.0
OL-001704,ORD-2025-01228,19-Dec-2025,C0335,Consumer,Lucknow,Uttar Pradesh,P098,BrightPage Personal Finance Basics,Books,Books,BrightPage,Mobile App,DEBIT CARD,3,"₹1,178.39",₹379.22,15%,₹0.00,22-Dec-2025,N,,,0,0%,
OL-001713,ORD-2025-01236,06-Dec-2025,C0349,Home Office,New Delhi,Delhi,P052,CookCraft Storage Container Set,Home & Kitchen,Kitchen,CookCraft,offline store,Debit Card,1,"₹4,882.68","₹2,633.10",10%,₹0.00,07-Dec-2025,N,,,0,0%,
OL-001714,ORD-2025-01237,15-Dec-2025,C0576,Consumer,Lucknow,Uttar Pradesh,P092,TrailPeak Trekking Pole Set,Sports,Outdoor,TrailPeak,mobile app,upi,2,"₹2,230.16","₹1,345.49",20%,₹0.00,16-Dec-2025,no,,,0,0%,4.0
OL-001725,ORD-2025-01244,01-Dec-2025,C0498,Consumer,Warangal,Telangana,P036,ConnectPro Phone Case,Electronics,Mobile Accessories,ConnectPro,MARKETPLACE,UPI,2,"₹1,183.44",₹797.74,10%,₹39.00,08-Dec-2025,no,,,0,0%,
OL-001726,ORD-2025-01244,01-Dec-2025,C0498,Consumer,Warangal,Telangana,P015,MiraMode Printed Maxi Dress,Fashion,Women's Clothing,MiraMode,MARKETPLACE,UPI,1,"₹3,600.38","₹2,122.23",10%,₹0.00,07-Dec-2025,N,,,0,0%,
OL-001730,ORD-2025-01247,23-Dec-2025,C0026,Consumer,Coimbatore,Tamil Nadu,P038,NexCharge Car Phone Mount,Electronics,Mobile Accessories,NexCharge,Website,credit card,2,₹638.09,₹340.28,20%,₹39.00,28-Dec-2025,Not Returned,,,0,0%,3.0
OL-001734,ORD-2025-01249,02-Dec-2025,C0040,Home Office,Kozhikode,Kerala,P092,TrailPeak Trekking Pole Set,Sports,Outdoor,TrailPeak,WEBSITE,Upi,3,"₹2,092.88","₹1,345.49",10%,₹0.00,07-Dec-2025,N,,,0,0%,4.0
OL-001735,ORD-2025-01249,02-Dec-2025,C0040,Home Office,Kozhikode,Kerala,P103,InsightPress SQL Practice Workbook,Books,Books,InsightPress,Website,Upi,1,₹822.97,₹330.48,15%,₹59.00,07-Dec-2025,N,,,0,0%,
OL-001754,ORD-2025-01262,02-Dec-2025,C0373,Consumer,Pune,Maharashtra,P063,NestLoom Lightweight Comforter,Home & Kitchen,Home Furnishing,NestLoom,MOBILE APP,upi,1,"₹1,259.86",₹465.94,5%,₹59.00,07-Dec-2025,Y,28-Dec-2025,Product Not as Expected,1,5%,
OL-001760,ORD-2025-01267,14-Dec-2025,C0849,Consumer,Ahmedabad,Gujarat,P035,VoltEdge USB-C Cable Pack,Electronics,Mobile Accessories,VoltEdge,MARKETPLACE,Cash on Delivery,1,"₹1,614.81","₹1,086.77",0%,₹99.00,22-Dec-2025,N,,,0,0%,
OL-001761,ORD-2025-01267,14-Dec-2025,C0849,Consumer,Ahmedabad,Gujarat,P104,SkillLeaf Power BI Project Guide,Books,Books,SkillLeaf,MARKETPLACE,Cash on Delivery,1,"₹1,203.13",₹474.23,15%,₹39.00,21-Dec-2025,Not Returned,,,0,0%,
OL-001762,ORD-2025-01267,14-Dec-2025,C0849,Consumer,Ahmedabad,Gujarat,P091,TrailPeak Camping Lantern,Sports,Outdoor,TrailPeak,marketplace,COD,1,"₹3,315.43","₹2,114.07",5%,₹0.00,22-Dec-2025,yes,09-Jan-2026,Not As Expected,1,5%,2.0
OL-001775,ORD-2025-01277,27-Dec-2025,C0429,Consumer,Ludhiana,Punjab,P048,OrbitSmart Mini Projector,Electronics,Smart Devices,OrbitSmart,WEBSITE,DEBIT CARD,1,"₹13,366.85","₹8,602.72",5%,₹0.00,30-Dec-2025,Not Returned,,,0,0%,5.0
OL-001776,ORD-2025-01278,20-Dec-2025,C0310,Corporate,Madurai,Tamil Nadu,P040,VoltEdge Travel Adapter,Electronics,Mobile Accessories,VoltEdge,Mobile App,Credit Card,1,₹881.03,₹555.01,25%,₹59.00,25-Dec-2025,No,,,0,0%,5.0
OL-001785,ORD-2025-01285,30-Dec-2025,C0408,Consumer,Madurai,Tamil Nadu,P015,MiraMode Printed Maxi Dress,Fashion,Women's Clothing,MiraMode,Marketplace,UPI,2,"₹3,879.54","₹2,122.23",20%,₹0.00,03-Jan-2026,No,,,0,0%,4.0
OL-001786,ORD-2025-01285,30-Dec-2025,C0408,Consumer,Madurai,Tamil Nadu,P041,PixelNest Smart Watch,Electronics,Smart Devices,PixelNest,Marketplace,UPI,2,"₹15,481.21","₹10,108.00",15%,₹0.00,04-Jan-2026,N,,,0,0%,5.0
OL-001806,ORD-2025-01298,25-Dec-2025,C0482,Consumer,Bengaluru,Karnataka,P077,GlowEase Grooming Kit,Beauty,Personal Care,GlowEase,Marketplace,Upi,1,"₹1,720.41",₹726.50,5%,₹79.00,31-Dec-2025,N,,,0,0%,
OL-001812,ORD-2025-01303,27-Dec-2025,C0690,Corporate,Nashik,Maharashtra,P102,SkillLeaf Excel for Analysts,Books,Books,SkillLeaf,Mobile App,Credit Card,1,₹712.03,₹201.89,15%,₹79.00,31-Dec-2025,N,,,0,0%,5.0
OL-001813,ORD-2025-01303,27-Dec-2025,C0690,Corporate,Nashik,Maharashtra,P015,MiraMode Printed Maxi Dress,Fashion,Women's Clothing,MiraMode,Mobile App,credit card,1,"₹3,649.96","₹2,122.23",5%,₹0.00,28-Dec-2025,Returned,07-Jan-2026,wrong size,1,0%,1.0
OL-001814,ORD-2025-01304,16-Dec-2025,C0731,Consumer,Bengaluru,Karnataka,P075,GroomLab Hair Straightener,Beauty,Personal Care,GroomLab,OFFLINE STORE,Debit Card,1,"₹3,389.81","₹1,901.20",20%,₹0.00,18-Dec-2025,Y,07-Jan-2026,wrong item,1,0%,
OL-001830,ORD-2025-01316,11-Dec-2025,C0763,Corporate,Madurai,Tamil Nadu,P009,VelvetLeaf Floral Midi Dress,Fashion,Women's Clothing,VelvetLeaf,mobile app,upi,1,"₹1,610.34","₹1,003.66",5%,₹79.00,13-Dec-2025,Not Returned,,,0,0%,3.0
OL-001831,ORD-2025-01316,11-Dec-2025,C0763,Corporate,Madurai,Tamil Nadu,P029,SonicBay Gaming Headset,Electronics,Audio,SonicBay,Mobile App,upi,1,"₹9,215.40","₹6,260.57",5%,₹0.00,14-Dec-2025,No,,,0,0%,2.0
OL-001845,ORD-2025-01325,31-Dec-2025,C0770,Consumer,Siliguri,West Bengal,P008,NorthLane Everyday Crew T-Shirt,Fashion,Men's Clothing,NorthLane,MOBILE APP,Debit Card,1,"₹2,813.99","₹1,327.12",15%,₹0.00,04-Jan-2026,Returned,21-Jan-2026,Wrong Size,1,5%,
OL-001846,ORD-2025-01326,18-Dec-2025,C0446,Corporate,New Delhi,Delhi,P005,UrbanThread Lightweight Jacket,Fashion,Men's Clothing,UrbanThread,mobile app,credit card,1,"₹1,206.05",₹646.63,30%,₹79.00,22-Dec-2025,Yes,31-Dec-2025,Wrong Size,1,5%,3.0
OL-001857,ORD-2025-01336,03-Dec-2025,C0315,Consumer,New Delhi,Delhi,P059,CasaBloom Memory Foam Pillow,Home & Kitchen,Home Furnishing,CasaBloom,MARKETPLACE,credit card,1,"₹1,163.23",₹598.05,20%,₹79.00,13-Dec-2025,N,,,0,0%,
OL-001876,ORD-2025-01350,08-Dec-2025,C0694,Corporate,Siliguri,West Bengal,P091,TrailPeak Camping Lantern,Sports,Outdoor,TrailPeak,Mobile App,CREDIT CARD,3,"₹3,392.31","₹2,114.07",10%,₹0.00,15-Dec-2025,N,,,0,0%,2.0
OL-001898,ORD-2025-01368,17-Dec-2025,C0469,Consumer,Mysuru,Karnataka,P039,ConnectPro Screen Protector Pack,Electronics,Mobile Accessories,ConnectPro,Website,UPI,1,"₹2,734.96","₹1,872.80",30%,₹0.00,19-Dec-2025,no,,,0,0%,4.0
OL-001911,ORD-2025-01379,09-Dec-2025,C0757,Consumer,Chandigarh,Punjab,P061,CasaBloom Decorative Cushion Set,Home & Kitchen,Home Furnishing,CasaBloom,WEBSITE,Credit Card,1,"₹4,993.47","₹2,867.87",15%,₹0.00,12-Dec-2025,N,,,0,0%,4.0
OL-001930,ORD-2025-01391,07-Dec-2025,C0140,Consumer,Hyderabad,Telangana,P004,UrbanThread Casual Chinos,Fashion,Men's Clothing,UrbanThread,MOBILE APP,Credit Card,2,"₹2,248.89","₹1,378.10",25%,₹0.00,09-Dec-2025,no,,,0,0%,
OL-001931,ORD-2025-01391,07-Dec-2025,C0140,Consumer,Hyderabad,Telangana,P097,SkillLeaf Data Analytics Handbook,Books,Books,SkillLeaf,MOBILE APP,Credit Card,1,₹720.94,₹249.11,30%,₹79.00,11-Dec-2025,Y,19-Dec-2025,product not as expected,1,5%,3.0
OL-001937,ORD-2025-01396,17-Dec-2025,C0700,Consumer,Chennai,Tamil Nadu,P013,MiraMode Knitted Cardigan,Fashion,Women's Clothing,MiraMode,MARKETPLACE,upi,1,"₹2,316.37","₹1,293.51",20%,₹59.00,25-Dec-2025,yes,19-Jan-2026,wrong size,1,0%,2.0
OL-001939,ORD-2025-01398,17-Dec-2025,C0785,Consumer,Kozhikode,Kerala,P097,SkillLeaf Data Analytics Handbook,Books,Books,SkillLeaf,Mobile App,UPI,1,₹729.32,₹249.11,15%,₹79.00,21-Dec-2025,N,,,0,0%,3.0
OL-001940,ORD-2025-01398,17-Dec-2025,C0785,Consumer,Kozhikode,Kerala,P021,FootNest Block Heel Sandals,Fashion,Footwear,FootNest,MOBILE APP,UPI,1,"₹4,544.25","₹2,846.55",15%,₹0.00,22-Dec-2025,Not Returned,,,0,0%,
OL-001945,ORD-2025-01402,30-Dec-2025,C0013,Consumer,Pune,Maharashtra,P046,PixelNest Smart Plug Pack,Electronics,Smart Devices,PixelNest,WEBSITE,CREDIT CARD,4,"₹9,424.42","₹7,571.95",10%,₹0.00,05-Jan-2026,Not Returned,,,0,0%,5.0
OL-001948,ORD-2025-01405,11-Dec-2025,C0266,Consumer,Mumbai,Maharashtra,P038,NexCharge Car Phone Mount,Electronics,Mobile Accessories,NexCharge,Website,UPI,1,₹665.88,₹340.28,20%,₹39.00,13-Dec-2025,No,,,0,0%,
OL-001949,ORD-2025-01405,11-Dec-2025,C0266,Consumer,Mumbai,Maharashtra,P009,VelvetLeaf Floral Midi Dress,Fashion,Women's Clothing,VelvetLeaf,WEBSITE,UPI,1,"₹1,610.76","₹1,003.66",30%,₹39.00,17-Dec-2025,no,,,0,0%,3.0
OL-001966,ORD-2025-01418,26-Dec-2025,C0752,Consumer,Mumbai,Maharashtra,P030,VoltAudio Portable Speaker,Electronics,Audio,VoltAudio,WEBSITE,Upi,1,"₹11,921.76","₹6,811.90",15%,₹0.00,02-Jan-2026,Not Returned,,,0,0%,5.0
OL-001967,ORD-2025-01418,26-Dec-2025,C0752,Consumer,Mumbai,Maharashtra,P051,KitchenRoot Electric Kettle,Home & Kitchen,Kitchen,KitchenRoot,WEBSITE,UPI,1,"₹7,526.08","₹4,395.70",10%,₹0.00,01-Jan-2026,N,,,0,0%,
OL-001972,ORD-2025-01423,09-Dec-2025,C0697,Home Office,Udaipur,Rajasthan,P066,DermaNest Hydrating Face Wash,Beauty,Skin Care,DermaNest,Website,UPI,1,"₹2,266.39","₹1,186.47",25%,₹79.00,16-Dec-2025,No,,,0,0%,
OL-001973,ORD-2025-01423,09-Dec-2025,C0697,Home Office,Udaipur,Rajasthan,P014,MiraMode Straight Fit Trousers,Fashion,Women's Clothing,MiraMode,Website,upi,3,"₹2,318.43",₹955.33,20%,₹0.00,14-Dec-2025,No,,,0,0%,
OL-001983,ORD-2025-01431,08-Dec-2025,C0369,Consumer,Mysuru,Karnataka,P008,NorthLane Everyday Crew T-Shirt,Fashion,Men's Clothing,NorthLane,website,DEBIT CARD,3,"₹2,738.25","₹1,327.12",15%,₹0.00,11-Dec-2025,N,,,0,0%,
OL-001986,ORD-2025-01434,30-Dec-2025,C0845,Consumer,New Delhi,Delhi,P059,CasaBloom Memory Foam Pillow,Home & Kitchen,Home Furnishing,CasaBloom,Marketplace,Cash on Delivery,1,"₹1,223.00",₹598.05,20%,₹59.00,05-Jan-2026,Not Returned,,,0,0%,
OL-001987,ORD-2025-01434,30-Dec-2025,C0845,Consumer,New Delhi,Delhi,P104,SkillLeaf Power BI Project Guide,Books,Books,SkillLeaf,marketplace,Cash on Delivery,2,"₹1,133.43",₹474.23,20%,₹39.00,04-Jan-2026,no,,,0,0%,3.0
OL-001990,ORD-2025-01436,10-Dec-2025,C0677,Consumer,Thiruvananthapuram,Kerala,P090,WildRoute Insulated Water Bottle,Sports,Outdoor,WildRoute,WEBSITE,Upi,3,"₹1,870.93",₹949.59,15%,₹0.00,17-Dec-2025,No,,,0,0%,5.0
OL-002000,ORD-2025-01444,29-Dec-2025,C0237,Consumer,Indore,Madhya Pradesh,P061,CasaBloom Decorative Cushion Set,Home & Kitchen,Home Furnishing,CasaBloom,mobile app,Upi,4,"₹4,745.09","₹2,867.87",25%,₹0.00,30-Dec-2025,Not Returned,,,0,0%,
OL-002001,ORD-2025-01444,29-Dec-2025,C0237,Consumer,Indore,Madhya Pradesh,P009,VelvetLeaf Floral Midi Dress,Fashion,Women's Clothing,VelvetLeaf,mobile app,Upi,1,"₹1,621.34","₹1,003.66",15%,₹39.00,02-Jan-2026,Yes,04-Jan-2026,Not As Expected,1,0%,1.0
OL-002009,ORD-2025-01448,12-Dec-2025,C0601,Consumer,Nashik,Maharashtra,P103,InsightPress SQL Practice Workbook,Books,Books,InsightPress,website,UPI,2,₹866.73,₹330.48,25%,₹59.00,15-Dec-2025,Yes,27-Dec-2025,product not as expected,2,0%,1.0
OL-002011,ORD-2025-01450,15-Dec-2025,C0724,Home Office,Warangal,Telangana,P043,HomeSync Wi-Fi Security Camera,Electronics,Smart Devices,HomeSync,Website,Credit Card,1,"₹18,581.45","₹13,144.70",20%,₹0.00,19-Dec-2025,N,,,0,0%,4.0
OL-002012,ORD-2025-01450,15-Dec-2025,C0724,Home Office,Warangal,Telangana,P084,FitForge Skipping Rope,Sports,Fitness,FitForge,WEBSITE,Credit Card,1,₹689.32,₹296.67,10%,₹99.00,22-Dec-2025,no,,,0,0%,
OL-002018,ORD-2025-01456,22-Dec-2025,C0469,Consumer,Mysuru,Karnataka,P044,OrbitSmart Smart LED Bulb Pack,Electronics,Smart Devices,OrbitSmart,WEBSITE,debit card,1,"₹3,619.72","₹2,279.34",5%,₹0.00,28-Dec-2025,No,,,0,0%,
OL-002027,ORD-2025-01464,12-Dec-2025,C0576,Consumer,Lucknow,Uttar Pradesh,P046,PixelNest Smart Plug Pack,Electronics,Smart Devices,PixelNest,Mobile App,Wallet,1,"₹9,944.45","₹7,571.95",20%,₹0.00,16-Dec-2025,No,,,0,0%,
OL-002030,ORD-2025-01467,13-Dec-2025,C0664,Consumer,Indore,Madhya Pradesh,P008,NorthLane Everyday Crew T-Shirt,Fashion,Men's Clothing,NorthLane,mobile app,Upi,1,"₹2,870.97","₹1,327.12",20%,₹0.00,18-Dec-2025,Not Returned,,,0,0%,
OL-002050,ORD-2025-01480,30-Dec-2025,C0694,Corporate,Siliguri,West Bengal,P001,UrbanThread Classic Fit Shirt,Fashion,Men's Clothing,UrbanThread,Marketplace,Debit Card,1,"₹2,083.13","₹1,197.48",15%,₹39.00,06-Jan-2026,Returned,21-Jan-2026,Not As Expected,1,5%,2.0
OL-002052,ORD-2025-01482,17-Dec-2025,C0069,Home Office,Indore,Madhya Pradesh,P093,AeroCamp Cycling Helmet,Sports,Outdoor,AeroCamp,Website,DEBIT CARD,1,"₹3,728.50","₹2,203.61",30%,₹0.00,22-Dec-2025,yes,17-Jan-2026,damaged product,1,0%,2.0
OL-002053,ORD-2025-01483,22-Dec-2025,C0677,Consumer,Thiruvananthapuram,Kerala,P089,TrailPeak Hiking Backpack,Sports,Outdoor,TrailPeak,website,Credit Card,1,"₹4,148.60","₹2,093.58",15%,₹0.00,25-Dec-2025,Not Returned,,,0,0%,4.0
OL-002056,ORD-2025-01486,06-Dec-2025,C0712,Consumer,Chennai,Tamil Nadu,P045,PixelNest Streaming Stick,Electronics,Smart Devices,PixelNest,marketplace,UPI,1,"₹5,566.81","₹4,170.85",15%,₹0.00,10-Dec-2025,Yes,26-Dec-2025,changed mind,1,5%,
OL-002070,ORD-2025-01497,07-Dec-2025,C0836,Home Office,New Delhi,Delhi,P073,GlowEase Hair Dryer,Beauty,Personal Care,GlowEase,OFFLINE STORE,Upi,3,"₹1,982.26","₹1,011.23",15%,₹0.00,09-Dec-2025,no,,,0,0%,
OL-002081,ORD-2025-01505,02-Dec-2025,C0679,Consumer,Hyderabad,Telangana,P006,UrbanThread Printed Casual Shirt,Fashion,Men's Clothing,UrbanThread,mobile app,Upi,1,"₹2,805.73","₹1,292.17",10%,₹0.00,06-Dec-2025,Not Returned,,,0,0%,4.0
OL-002083,ORD-2025-01507,29-Dec-2025,C0360,Consumer,Chennai,Tamil Nadu,P028,SonicBay Soundbar Mini,Electronics,Audio,SonicBay,Marketplace,upi,2,"₹11,410.21","₹7,220.21",30%,₹0.00,05-Jan-2026,no,,,0,0%,
OL-002112,ORD-2025-01530,31-Dec-2025,C0846,Corporate,Kolkata,West Bengal,P051,KitchenRoot Electric Kettle,Home & Kitchen,Kitchen,KitchenRoot,MOBILE APP,UPI,1,"₹7,131.97","₹4,395.70",15%,₹0.00,07-Jan-2026,Yes,04-Feb-2026,Damaged Product,1,0%,5.0
OL-002114,ORD-2025-01532,29-Dec-2025,C0184,Consumer,Kanpur,Uttar Pradesh,P063,NestLoom Lightweight Comforter,Home & Kitchen,Home Furnishing,NestLoom,marketplace,cash on delivery,2,"₹1,281.08",₹465.94,0%,₹0.00,02-Jan-2026,No,,,0,0%,4.0
OL-002142,ORD-2025-01554,04-Dec-2025,C0102,Corporate,Lucknow,Uttar Pradesh,P074,GlowEase Trimmer Kit,Beauty,Personal Care,GlowEase,Website,Credit Card,1,"₹2,040.32","₹1,072.86",5%,₹39.00,09-Dec-2025,Not Returned,,,0,0%,
OL-002143,ORD-2025-01554,04-Dec-2025,C0102,Corporate,Lucknow,Uttar Pradesh,P021,FootNest Block Heel Sandals,Fashion,Footwear,FootNest,Website,Credit Card,2,"₹4,323.44","₹2,846.55",20%,₹0.00,10-Dec-2025,No,,,0,0%,
OL-002144,ORD-2025-01554,04-Dec-2025,C0102,Corporate,Lucknow,Uttar Pradesh,P053,KitchenRoot Air Fryer,Home & Kitchen,Kitchen,KitchenRoot,website,credit card,1,"₹10,165.37","₹5,632.33",25%,₹0.00,09-Dec-2025,no,,,0,0%,4.0
OL-002145,ORD-2025-01554,04-Dec-2025,C0102,Corporate,Lucknow,Uttar Pradesh,P029,SonicBay Gaming Headset,Electronics,Audio,SonicBay,WEBSITE,Credit Card,3,"₹9,534.13","₹6,260.57",20%,₹0.00,08-Dec-2025,No,,,0,0%,4.0
OL-002148,ORD-2025-01556,15-Dec-2025,C0769,Consumer,Jabalpur,Madhya Pradesh,P065,DermaNest Vitamin C Serum,Beauty,Skin Care,DermaNest,Marketplace,cash on delivery,1,"₹1,694.56",₹646.29,20%,₹59.00,18-Dec-2025,Not Returned,,,0,0%,5.0
OL-002174,ORD-2025-01572,03-Dec-2025,C0546,Consumer,New Delhi,Delhi,P031,VoltAudio Neckband Earphones,Electronics,Audio,VoltAudio,Website,credit card,1,"₹5,690.76","₹3,467.28",20%,₹0.00,09-Dec-2025,Returned,06-Jan-2026,Defective product,1,0%,
OL-002175,ORD-2025-01572,03-Dec-2025,C0546,Consumer,New Delhi,Delhi,P020,FootNest Flat Sandals,Fashion,Footwear,FootNest,website,Credit Card,1,"₹2,409.94","₹1,191.67",15%,₹79.00,09-Dec-2025,No,,,0,0%,4.0
OL-002179,ORD-2025-01576,22-Dec-2025,C0777,Consumer,Nagpur,Maharashtra,P062,NestLoom Floor Mat Set,Home & Kitchen,Home Furnishing,NestLoom,Mobile App,DEBIT CARD,1,"₹3,405.08","₹1,409.58",10%,₹0.00,28-Dec-2025,No,,,0,0%,5.0
OL-002188,ORD-2025-01584,29-Dec-2025,C0345,Corporate,Indore,Madhya Pradesh,P071,DermaNest Clay Face Mask,Beauty,Skin Care,DermaNest,WEBSITE,Net Banking,1,₹858.51,₹349.54,15%,₹39.00,03-Jan-2026,N,,,0,0%,
OL-002203,ORD-2025-01596,11-Dec-2025,C0227,Corporate,Bhopal,Madhya Pradesh,P100,SkillLeaf The Productivity System,Books,Books,SkillLeaf,MOBILE APP,Debit Card,2,₹574.71,₹247.93,15%,₹49.00,15-Dec-2025,N,,,0,0%,4.0
OL-002205,ORD-2025-01598,20-Dec-2025,C0832,Consumer,Jodhpur,Rajasthan,P043,HomeSync Wi-Fi Security Camera,Electronics,Smart Devices,HomeSync,Mobile App,UPI,2,"₹19,954.36","₹13,144.70",25%,₹0.00,22-Dec-2025,yes,09-Jan-2026,damaged product,2,5%,2.0
OL-002228,ORD-2025-01616,11-Dec-2025,C0475,Corporate,Ahmedabad,Gujarat,P059,CasaBloom Memory Foam Pillow,Home & Kitchen,Home Furnishing,CasaBloom,Mobile App,UPI,1,"₹1,187.00",₹598.05,15%,₹79.00,15-Dec-2025,Not Returned,,,0,0%,4.0
OL-002240,ORD-2025-01622,15-Dec-2025,C0527,Consumer,Kolkata,West Bengal,P045,PixelNest Streaming Stick,Electronics,Smart Devices,PixelNest,OFFLINE STORE,Debit Card,3,"₹5,379.18","₹4,170.85",25%,₹0.00,18-Dec-2025,No,,,0,0%,4.0
OL-002242,ORD-2025-01624,05-Dec-2025,C0486,Consumer,Mangaluru,Karnataka,P051,KitchenRoot Electric Kettle,Home & Kitchen,Kitchen,KitchenRoot,MOBILE APP,upi,1,"₹7,298.15","₹4,395.70",25%,₹0.00,08-Dec-2025,Y,01-Jan-2026,wrong item,1,0%,1.0
OL-002255,ORD-2025-01634,29-Dec-2025,C0097,Consumer,Kanpur,Uttar Pradesh,P023,AeroStep Slip-On Sneakers,Fashion,Footwear,AeroStep,mobile app,DEBIT CARD,2,"₹3,705.17","₹2,443.63",15%,₹0.00,31-Dec-2025,N,,,0,0%,
OL-002256,ORD-2025-01634,29-Dec-2025,C0097,Consumer,Kanpur,Uttar Pradesh,P059,CasaBloom Memory Foam Pillow,Home & Kitchen,Home Furnishing,CasaBloom,MOBILE APP,debit card,1,"₹1,148.66",₹598.05,25%,₹59.00,31-Dec-2025,Y,03-Jan-2026,Late Delivery,1,0%,4.0
OL-002263,ORD-2025-01640,31-Dec-2025,C0390,Corporate,Bengaluru,Karnataka,P009,VelvetLeaf Floral Midi Dress,Fashion,Women's Clothing,VelvetLeaf,marketplace,cash on delivery,2,"₹1,631.38","₹1,003.66",0%,₹0.00,09-Jan-2026,N,,,0,0%,
OL-002272,ORD-2025-01646,14-Dec-2025,C0808,Consumer,Pune,Maharashtra,P062,NestLoom Floor Mat Set,Home & Kitchen,Home Furnishing,NestLoom,Website,NET BANKING,2,"₹3,434.52","₹1,409.58",25%,₹0.00,17-Dec-2025,N,,,0,0%,4.0
OL-002301,ORD-2025-01664,28-Dec-2025,C0024,Corporate,Mangaluru,Karnataka,P060,SoftHaven Cotton Towel Set,Home & Kitchen,Home Furnishing,SoftHaven,website,Credit Card,1,"₹2,020.86",₹789.33,25%,₹59.00,03-Jan-2026,N,,,0,0%,
OL-002302,ORD-2025-01664,28-Dec-2025,C0024,Corporate,Mangaluru,Karnataka,P045,PixelNest Streaming Stick,Electronics,Smart Devices,PixelNest,WEBSITE,CREDIT CARD,1,"₹5,224.08","₹4,170.85",25%,₹0.00,03-Jan-2026,Returned,31-Jan-2026,Defective product,1,0%,
OL-002322,ORD-2025-01679,14-Dec-2025,C0245,Home Office,Mumbai,Maharashtra,P098,BrightPage Personal Finance Basics,Books,Books,BrightPage,Offline Store,UPI,1,"₹1,146.86",₹379.22,15%,₹0.00,15-Dec-2025,Not Returned,,,0,0%,
OL-002323,ORD-2025-01679,14-Dec-2025,C0245,Home Office,Mumbai,Maharashtra,P031,VoltAudio Neckband Earphones,Electronics,Audio,VoltAudio,Offline Store,upi,2,"₹5,489.17","₹3,467.28",15%,₹0.00,16-Dec-2025,N,,,0,0%,
OL-002341,ORD-2025-01691,31-Dec-2025,C0570,Consumer,Kochi,Kerala,P034,ConnectPro Power Bank 20000mAh,Electronics,Mobile Accessories,ConnectPro,MARKETPLACE,Wallet,2,"₹3,023.23","₹1,560.52",25%,₹0.00,07-Jan-2026,Not Returned,,,0,0%,4.0
OL-002384,ORD-2025-01716,17-Dec-2025,C0057,Consumer,Noida,Uttar Pradesh,P099,InsightPress Business Storytelling,Books,Books,InsightPress,MOBILE APP,wallet,2,"₹1,075.36",₹450.46,30%,₹39.00,21-Dec-2025,Y,08-Jan-2026,Wrong item,2,0%,3.0
OL-002385,ORD-2025-01717,02-Dec-2025,C0351,Consumer,Jaipur,Rajasthan,P024,FootNest Formal Oxford Shoes,Fashion,Footwear,FootNest,MARKETPLACE,COD,1,"₹4,085.69","₹2,201.04",20%,₹0.00,10-Dec-2025,no,,,0,0%,5.0
OL-002391,ORD-2025-01722,12-Dec-2025,C0046,Corporate,Ahmedabad,Gujarat,P052,CookCraft Storage Container Set,Home & Kitchen,Kitchen,CookCraft,MARKETPLACE,credit card,1,"₹4,825.82","₹2,633.10",10%,₹0.00,16-Dec-2025,N,,,0,0%,
OL-002392,ORD-2025-01722,12-Dec-2025,C0046,Corporate,Ahmedabad,Gujarat,P063,NestLoom Lightweight Comforter,Home & Kitchen,Home Furnishing,NestLoom,MARKETPLACE,Credit Card,2,"₹1,269.33",₹465.94,20%,₹0.00,19-Dec-2025,no,,,0,0%,
OL-002393,ORD-2025-01723,27-Dec-2025,C0431,Consumer,New Delhi,Delhi,P054,HomeFlame Sandwich Maker,Home & Kitchen,Kitchen,HomeFlame,marketplace,UPI,1,"₹8,635.93","₹6,033.47",25%,₹0.00,02-Jan-2026,no,,,0,0%,
OL-002399,ORD-2025-01726,14-Dec-2025,C0684,Consumer,Amritsar,Punjab,P017,StrideX Running Sneakers,Fashion,Footwear,StrideX,MARKETPLACE,Cash on Delivery,1,"₹4,518.83","₹2,445.58",25%,₹0.00,23-Dec-2025,no,,,0,0%,
OL-002400,ORD-2025-01727,18-Dec-2025,C0439,Home Office,Coimbatore,Tamil Nadu,P020,FootNest Flat Sandals,Fashion,Footwear,FootNest,Mobile App,credit card,1,"₹2,525.61","₹1,191.67",15%,₹0.00,23-Dec-2025,Not Returned,,,0,0%,
OL-002401,ORD-2025-01727,18-Dec-2025,C0439,Home Office,Coimbatore,Tamil Nadu,P022,AeroStep Training Shoes,Fashion,Footwear,AeroStep,Mobile App,credit card,2,"₹4,570.54","₹2,516.74",30%,₹0.00,21-Dec-2025,Returned,16-Jan-2026,Product Not as Expected,2,0%,
OL-002416,ORD-2025-01737,02-Dec-2025,C0625,Consumer,Mysuru,Karnataka,P099,InsightPress Business Storytelling,Books,Books,InsightPress,Website,credit card,3,"₹1,053.34",₹450.46,30%,₹0.00,08-Dec-2025,Yes,17-Dec-2025,Not As Expected,3,0%,
OL-002417,ORD-2025-01737,02-Dec-2025,C0625,Consumer,Mysuru,Karnataka,P098,BrightPage Personal Finance Basics,Books,Books,BrightPage,Website,CREDIT CARD,1,"₹1,185.95",₹379.22,15%,₹79.00,08-Dec-2025,Yes,26-Dec-2025,Quality Issue,1,0%,
OL-002434,ORD-2025-01747,03-Dec-2025,C0122,Corporate,Kozhikode,Kerala,P007,CivicWear Stretch Denim Jeans,Fashion,Men's Clothing,CivicWear,mobile app,credit card,1,"₹3,253.20","₹1,748.24",10%,₹0.00,06-Dec-2025,N,,,0,0%,
OL-002440,ORD-2025-01752,23-Dec-2025,C0302,Home Office,Noida,Uttar Pradesh,P047,HomeSync Digital Photo Frame,Electronics,Smart Devices,HomeSync,Website,Credit Card,1,"₹3,121.96","₹1,997.47",20%,₹0.00,31-Dec-2025,Returned,19-Jan-2026,defective product,1,0%,
OL-002441,ORD-2025-01752,23-Dec-2025,C0302,Home Office,Noida,Uttar Pradesh,P064,CasaBloom Table Runner Set,Home & Kitchen,Home Furnishing,CasaBloom,Website,Credit Card,2,"₹2,634.79","₹1,522.07",30%,₹0.00,27-Dec-2025,Y,05-Jan-2026,Quality Issue,2,0%,
OL-002445,ORD-2025-01755,02-Dec-2025,C0129,Consumer,Noida,Uttar Pradesh,P063,NestLoom Lightweight Comforter,Home & Kitchen,Home Furnishing,NestLoom,Mobile App,DEBIT CARD,3,"₹1,270.86",₹465.94,5%,₹0.00,05-Dec-2025,no,,,0,0%,
OL-002450,ORD-2025-01760,13-Dec-2025,C0032,Consumer,Coimbatore,Tamil Nadu,P095,TrailPeak Sports Duffel Bag,Sports,Outdoor,TrailPeak,Marketplace,Debit Card,1,"₹2,892.58","₹1,568.04",20%,₹0.00,23-Dec-2025,No,,,0,0%,
OL-002461,ORD-2025-01768,04-Dec-2025,C0698,Corporate,Jodhpur,Rajasthan,P013,MiraMode Knitted Cardigan,Fashion,Women's Clothing,MiraMode,Marketplace,upi,2,"₹2,353.16","₹1,293.51",20%,₹0.00,08-Dec-2025,Not Returned,,,0,0%,5.0
OL-002489,ORD-2025-01789,14-Dec-2025,C0005,Consumer,Warangal,Telangana,P053,KitchenRoot Air Fryer,Home & Kitchen,Kitchen,KitchenRoot,MARKETPLACE,Cash on Delivery,1,"₹9,621.98","₹5,632.33",30%,₹0.00,23-Dec-2025,no,,,0,0%,4.0
OL-002490,ORD-2025-01789,14-Dec-2025,C0005,Consumer,Warangal,Telangana,P030,VoltAudio Portable Speaker,Electronics,Audio,VoltAudio,MARKETPLACE,Cash on Delivery,2,"₹11,515.11","₹6,811.90",10%,₹0.00,18-Dec-2025,yes,08-Jan-2026,Damaged Product,2,0%,3.0
OL-002513,ORD-2025-01807,04-Dec-2025,C0520,Consumer,Warangal,Telangana,P023,AeroStep Slip-On Sneakers,Fashion,Footwear,AeroStep,Marketplace,debit card,1,"₹3,702.15","₹2,443.63",25%,₹0.00,13-Dec-2025,yes,27-Dec-2025,Wrong Size,1,0%,
OL-002529,ORD-2025-01819,11-Dec-2025,C0597,Corporate,Jaipur,Rajasthan,P013,MiraMode Knitted Cardigan,Fashion,Women's Clothing,MiraMode,mobile app,cash on delivery,2,"₹2,385.64","₹1,293.51",10%,₹0.00,15-Dec-2025,N,,,0,0%,4.0
OL-002530,ORD-2025-01819,11-Dec-2025,C0597,Corporate,Jaipur,Rajasthan,P001,UrbanThread Classic Fit Shirt,Fashion,Men's Clothing,UrbanThread,Mobile App,Cash on Delivery,1,"₹2,157.65","₹1,197.48",25%,₹39.00,15-Dec-2025,Yes,01-Jan-2026,Wrong size,1,0%,2.0
OL-002531,ORD-2025-01819,11-Dec-2025,C0597,Corporate,Jaipur,Rajasthan,P058,NestLoom Blackout Curtains,Home & Kitchen,Home Furnishing,NestLoom,MOBILE APP,cash on delivery,1,"₹4,551.41","₹2,429.60",15%,₹0.00,16-Dec-2025,no,,,0,0%,
OL-002533,ORD-2025-01821,30-Dec-2025,C0677,Consumer,Thiruvananthapuram,Kerala,P001,UrbanThread Classic Fit Shirt,Fashion,Men's Clothing,UrbanThread,WEBSITE,Debit Card,1,"₹2,037.63","₹1,197.48",25%,₹99.00,03-Jan-2026,N,,,0,0%,1.0
OL-002535,ORD-2025-01823,20-Dec-2025,C0263,Consumer,Jabalpur,Madhya Pradesh,P012,AuraStyle Casual Top,Fashion,Women's Clothing,AuraStyle,website,Debit Card,2,"₹2,608.13","₹1,247.93",20%,₹0.00,27-Dec-2025,yes,29-Dec-2025,Late Delivery,2,0%,2.0
OL-002540,ORD-2025-01827,01-Dec-2025,C0375,Consumer,Udaipur,Rajasthan,P081,FitForge Yoga Mat,Sports,Fitness,FitForge,website,UPI,1,"₹7,382.32","₹3,978.89",15%,₹0.00,07-Dec-2025,N,,,0,0%,
OL-002543,ORD-2025-01830,07-Dec-2025,C0041,Consumer,Jodhpur,Rajasthan,P009,VelvetLeaf Floral Midi Dress,Fashion,Women's Clothing,VelvetLeaf,marketplace,upi,1,"₹1,758.06","₹1,003.66",5%,₹79.00,11-Dec-2025,no,,,0,0%,4.0
OL-002544,ORD-2025-01830,07-Dec-2025,C0041,Consumer,Jodhpur,Rajasthan,P087,MoveMax Kettlebell,Sports,Fitness,MoveMax,Marketplace,UPI,3,"₹7,787.60","₹4,195.76",20%,₹0.00,13-Dec-2025,Not Returned,,,0,0%,
OL-002548,ORD-2025-01833,22-Dec-2025,C0090,Consumer,Bengaluru,Karnataka,P079,GlowEase Hair Styling Brush,Beauty,Personal Care,GlowEase,Website,UPI,1,"₹4,501.17","₹2,198.07",20%,₹0.00,27-Dec-2025,Not Returned,,,0,0%,
OL-002562,ORD-2025-01845,29-Dec-2025,C0379,Home Office,Mysuru,Karnataka,P046,PixelNest Smart Plug Pack,Electronics,Smart Devices,PixelNest,Website,Debit Card,1,"₹9,631.61","₹7,571.95",25%,₹0.00,03-Jan-2026,Not Returned,,,0,0%,
OL-002566,ORD-2025-01847,22-Dec-2025,C0209,Corporate,Siliguri,West Bengal,P073,GlowEase Hair Dryer,Beauty,Personal Care,GlowEase,Marketplace,UPI,1,"₹2,002.50","₹1,011.23",10%,₹59.00,30-Dec-2025,No,,,0,0%,
OL-002583,ORD-2025-01858,22-Dec-2025,C0679,Consumer,Hyderabad,Telangana,P042,PixelNest Fitness Band,Electronics,Smart Devices,PixelNest,Marketplace,UPI,1,"₹5,149.84","₹3,685.96",20%,₹0.00,27-Dec-2025,no,,,0,0%,
OL-002590,ORD-2025-01865,14-Dec-2025,C0103,Home Office,Bengaluru,Karnataka,P092,TrailPeak Trekking Pole Set,Sports,Outdoor,TrailPeak,website,Upi,1,"₹2,064.50","₹1,345.49",0%,₹39.00,16-Dec-2025,Not Returned,,,0,0%,5.0
OL-002596,ORD-2025-01869,18-Dec-2025,C0278,Corporate,Hyderabad,Telangana,P060,SoftHaven Cotton Towel Set,Home & Kitchen,Home Furnishing,SoftHaven,website,upi,1,"₹2,141.65",₹789.33,25%,₹39.00,23-Dec-2025,N,,,0,0%,3.0
OL-002606,ORD-2025-01876,15-Dec-2025,C0530,Corporate,Mumbai,Maharashtra,P034,ConnectPro Power Bank 20000mAh,Electronics,Mobile Accessories,ConnectPro,WEBSITE,credit card,2,"₹2,869.90","₹1,560.52",30%,₹0.00,19-Dec-2025,Not Returned,,,0,0%,5.0
OL-002609,ORD-2025-01878,20-Dec-2025,C0838,Home Office,Ludhiana,Punjab,P089,TrailPeak Hiking Backpack,Sports,Outdoor,TrailPeak,Marketplace,upi,1,"₹4,134.92","₹2,093.58",10%,₹0.00,25-Dec-2025,No,,,0,0%,
OL-002631,ORD-2025-01896,03-Dec-2025,C0557,Consumer,Noida,Uttar Pradesh,P058,NestLoom Blackout Curtains,Home & Kitchen,Home Furnishing,NestLoom,Mobile App,Credit Card,3,"₹4,615.40","₹2,429.60",10%,₹0.00,09-Dec-2025,no,,,0,0%,5.0
OL-002632,ORD-2025-01896,03-Dec-2025,C0557,Consumer,Noida,Uttar Pradesh,P018,StrideX Casual Loafers,Fashion,Footwear,StrideX,mobile app,Credit Card,1,"₹3,209.40","₹1,816.29",5%,₹0.00,09-Dec-2025,Returned,17-Dec-2025,Wrong size,1,0%,2.0
OL-002659,ORD-2025-01917,03-Dec-2025,C0603,Corporate,Chandigarh,Punjab,P038,NexCharge Car Phone Mount,Electronics,Mobile Accessories,NexCharge,MOBILE APP,upi,1,₹652.20,₹340.28,10%,₹99.00,06-Dec-2025,N,,,0,0%,
OL-002670,ORD-2025-01927,09-Dec-2025,C0162,Consumer,Chennai,Tamil Nadu,P083,FitForge Adjustable Dumbbells,Sports,Fitness,FitForge,Marketplace,CREDIT CARD,1,"₹8,497.02","₹4,814.22",15%,₹0.00,17-Dec-2025,Returned,14-Jan-2026,Changed mind,1,0%,4.0
OL-002671,ORD-2025-01927,09-Dec-2025,C0162,Consumer,Chennai,Tamil Nadu,P038,NexCharge Car Phone Mount,Electronics,Mobile Accessories,NexCharge,Marketplace,Credit Card,1,₹634.21,₹340.28,25%,₹59.00,12-Dec-2025,No,,,0,0%,4.0
OL-002672,ORD-2025-01928,11-Dec-2025,C0503,Consumer,Surat,Gujarat,P042,PixelNest Fitness Band,Electronics,Smart Devices,PixelNest,website,Upi,1,"₹5,007.36","₹3,685.96",25%,₹0.00,14-Dec-2025,N,,,0,0%,4.0
OL-002673,ORD-2025-01928,11-Dec-2025,C0503,Consumer,Surat,Gujarat,P015,MiraMode Printed Maxi Dress,Fashion,Women's Clothing,MiraMode,website,UPI,1,"₹3,838.90","₹2,122.23",30%,₹0.00,13-Dec-2025,Y,04-Jan-2026,wrong item,1,0%,3.0
OL-002677,ORD-2025-01932,18-Dec-2025,C0001,Corporate,Amritsar,Punjab,P002,NorthLane Slim Fit Jeans,Fashion,Men's Clothing,NorthLane,Website,Net Banking,4,"₹1,158.47",₹591.59,10%,₹0.00,20-Dec-2025,Not Returned,,,0,0%,
OL-002681,ORD-2025-01936,04-Dec-2025,C0387,Consumer,Kochi,Kerala,P060,SoftHaven Cotton Towel Set,Home & Kitchen,Home Furnishing,SoftHaven,Marketplace,upi,2,"₹2,073.10",₹789.33,30%,₹0.00,10-Dec-2025,N,,,0,0%,
OL-002687,ORD-2025-01942,25-Dec-2025,C0582,Home Office,Udaipur,Rajasthan,P056,CookCraft Hand Blender,Home & Kitchen,Kitchen,CookCraft,offline store,Debit Card,1,"₹11,565.97","₹6,467.93",25%,₹0.00,26-Dec-2025,No,,,0,0%,4.0
OL-002709,ORD-2025-01953,26-Dec-2025,C0210,Corporate,Surat,Gujarat,P071,DermaNest Clay Face Mask,Beauty,Skin Care,DermaNest,website,credit card,1,₹855.00,₹349.54,5%,₹99.00,31-Dec-2025,No,,,0,0%,4.0
OL-002730,ORD-2025-01967,24-Dec-2025,C0446,Corporate,New Delhi,Delhi,P102,SkillLeaf Excel for Analysts,Books,Books,SkillLeaf,offline store,UPI,2,₹658.73,₹201.89,30%,₹0.00,25-Dec-2025,N,,,0,0%,
OL-002732,ORD-2025-01969,12-Dec-2025,C0450,Consumer,Ludhiana,Punjab,P059,CasaBloom Memory Foam Pillow,Home & Kitchen,Home Furnishing,CasaBloom,Mobile App,UPI,1,"₹1,242.71",₹598.05,10%,₹59.00,18-Dec-2025,N,,,0,0%,5.0
OL-002733,ORD-2025-01969,12-Dec-2025,C0450,Consumer,Ludhiana,Punjab,P048,OrbitSmart Mini Projector,Electronics,Smart Devices,OrbitSmart,mobile app,upi,1,"₹12,996.07","₹8,602.72",5%,₹0.00,15-Dec-2025,No,,,0,0%,
OL-002745,ORD-2025-01977,01-Dec-2025,C0068,Home Office,Mumbai,Maharashtra,P097,SkillLeaf Data Analytics Handbook,Books,Books,SkillLeaf,website,UPI,3,₹703.40,₹249.11,25%,₹39.00,05-Dec-2025,Not Returned,,,0,0%,
OL-002751,ORD-2025-01982,08-Dec-2025,C0025,Consumer,Ahmedabad,Gujarat,P096,WildRoute Compact Binoculars,Sports,Outdoor,WildRoute,Marketplace,Upi,1,"₹4,570.58","₹2,906.69",20%,₹0.00,16-Dec-2025,N,,,0,0%,4.0
OL-002760,ORD-2025-01988,12-Dec-2025,C0455,Consumer,Surat,Gujarat,P062,NestLoom Floor Mat Set,Home & Kitchen,Home Furnishing,NestLoom,Marketplace,Upi,1,"₹3,523.47","₹1,409.58",15%,₹0.00,20-Dec-2025,Not Returned,,,0,0%,
OL-002764,ORD-2025-01991,20-Dec-2025,C0731,Consumer,Bengaluru,Karnataka,P012,AuraStyle Casual Top,Fashion,Women's Clothing,AuraStyle,MOBILE APP,UPI,1,"₹2,511.20","₹1,247.93",20%,₹0.00,24-Dec-2025,N,,,0,0%,
OL-002783,ORD-2025-02006,08-Dec-2025,C0283,Consumer,Hyderabad,Telangana,P095,TrailPeak Sports Duffel Bag,Sports,Outdoor,TrailPeak,marketplace,Cash on Delivery,2,"₹3,008.05","₹1,568.04",15%,₹0.00,15-Dec-2025,no,,,0,0%,5.0
OL-002784,ORD-2025-02007,14-Dec-2025,C0393,Corporate,Bhopal,Madhya Pradesh,P020,FootNest Flat Sandals,Fashion,Footwear,FootNest,Mobile App,wallet,1,"₹2,388.78","₹1,191.67",5%,₹59.00,21-Dec-2025,yes,18-Jan-2026,quality issue,1,10%,
OL-002789,ORD-2025-02011,13-Dec-2025,C0121,Consumer,Kozhikode,Kerala,P060,SoftHaven Cotton Towel Set,Home & Kitchen,Home Furnishing,SoftHaven,marketplace,UPI,2,"₹2,077.44",₹789.33,30%,₹0.00,17-Dec-2025,N,,,0,0%,
OL-002814,ORD-2025-02028,12-Dec-2025,C0428,Consumer,Siliguri,West Bengal,P031,VoltAudio Neckband Earphones,Electronics,Audio,VoltAudio,Marketplace,Cash on Delivery,1,"₹5,167.26","₹3,467.28",20%,₹0.00,17-Dec-2025,Returned,13-Jan-2026,Defective product,1,0%,1.0
OL-002815,ORD-2025-02028,12-Dec-2025,C0428,Consumer,Siliguri,West Bengal,P015,MiraMode Printed Maxi Dress,Fashion,Women's Clothing,MiraMode,marketplace,Cash on Delivery,1,"₹3,568.09","₹2,122.23",10%,₹0.00,18-Dec-2025,Yes,07-Jan-2026,quality issue,1,10%,1.0
OL-002816,ORD-2025-02028,12-Dec-2025,C0428,Consumer,Siliguri,West Bengal,P085,FitForge Foam Roller,Sports,Fitness,FitForge,MARKETPLACE,cash on delivery,1,"₹3,377.86","₹1,433.02",15%,₹0.00,17-Dec-2025,Not Returned,,,0,0%,5.0
OL-002818,ORD-2025-02030,19-Dec-2025,C0234,Consumer,Kozhikode,Kerala,P068,DermaNest Night Repair Cream,Beauty,Skin Care,DermaNest,MARKETPLACE,UPI,1,"₹1,033.95",₹376.87,25%,₹39.00,23-Dec-2025,Yes,09-Jan-2026,damaged product,1,0%,3.0
OL-002829,ORD-2025-02039,27-Dec-2025,C0420,Home Office,Thiruvananthapuram,Kerala,P031,VoltAudio Neckband Earphones,Electronics,Audio,VoltAudio,Marketplace,UPI,3,"₹5,446.25","₹3,467.28",20%,₹0.00,03-Jan-2026,No,,,0,0%,
OL-002840,ORD-2025-02048,31-Dec-2025,C0673,Corporate,Mysuru,Karnataka,P008,NorthLane Everyday Crew T-Shirt,Fashion,Men's Clothing,NorthLane,Marketplace,credit card,1,"₹2,684.34","₹1,327.12",25%,₹0.00,04-Jan-2026,Y,01-Feb-2026,Quality Issue,1,0%,
OL-002841,ORD-2025-02048,31-Dec-2025,C0673,Corporate,Mysuru,Karnataka,P060,SoftHaven Cotton Towel Set,Home & Kitchen,Home Furnishing,SoftHaven,Marketplace,CREDIT CARD,2,"₹2,075.43",₹789.33,15%,₹0.00,09-Jan-2026,yes,15-Jan-2026,product not as expected,2,0%,
OL-002852,ORD-2025-02056,02-Dec-2025,C0743,Consumer,Hyderabad,Telangana,P066,DermaNest Hydrating Face Wash,Beauty,Skin Care,DermaNest,MARKETPLACE,DEBIT CARD,3,"₹2,409.56","₹1,186.47",20%,₹0.00,08-Dec-2025,Returned,05-Jan-2026,Product Not as Expected,3,10%,
OL-002853,ORD-2025-02056,02-Dec-2025,C0743,Consumer,Hyderabad,Telangana,P026,SonicBay Bluetooth Speaker,Electronics,Audio,SonicBay,marketplace,Debit Card,1,"₹7,800.72","₹5,106.31",15%,₹0.00,11-Dec-2025,yes,18-Dec-2025,Defective Product,1,0%,1.0
OL-002869,ORD-2025-02069,17-Dec-2025,C0068,Home Office,Mumbai,Maharashtra,P089,TrailPeak Hiking Backpack,Sports,Outdoor,TrailPeak,Mobile App,UPI,1,"₹4,478.33","₹2,093.58",10%,₹0.00,18-Dec-2025,no,,,0,0%,
OL-002872,ORD-2025-02072,26-Dec-2025,C0330,Consumer,Ahmedabad,Gujarat,P085,FitForge Foam Roller,Sports,Fitness,FitForge,mobile app,UPI,4,"₹3,131.00","₹1,433.02",15%,₹0.00,31-Dec-2025,No,,,0,0%,4.0
OL-002879,ORD-2025-02077,12-Dec-2025,C0121,Consumer,Kozhikode,Kerala,P076,GlowEase Electric Toothbrush,Beauty,Personal Care,GlowEase,Website,UPI,1,"₹5,173.58","₹3,182.34",5%,₹0.00,16-Dec-2025,no,,,0,0%,4.0
OL-002883,ORD-2025-02080,07-Dec-2025,C0274,Consumer,Ludhiana,Punjab,P031,VoltAudio Neckband Earphones,Electronics,Audio,VoltAudio,Website,credit card,1,"₹5,197.28","₹3,467.28",10%,₹0.00,14-Dec-2025,Not Returned,,,0,0%,
OL-002888,ORD-2025-02085,09-Dec-2025,C0589,Corporate,Kozhikode,Kerala,P079,GlowEase Hair Styling Brush,Beauty,Personal Care,GlowEase,website,debit card,1,"₹4,606.28","₹2,198.07",10%,₹0.00,14-Dec-2025,No,,,0,0%,
OL-002890,ORD-2025-02087,01-Dec-2025,C0008,Home Office,Amritsar,Punjab,P008,NorthLane Everyday Crew T-Shirt,Fashion,Men's Clothing,NorthLane,website,credit card,1,"₹2,942.49","₹1,327.12",20%,₹0.00,07-Dec-2025,Not Returned,,,0,0%,
OL-002891,ORD-2025-02087,01-Dec-2025,C0008,Home Office,Amritsar,Punjab,P023,AeroStep Slip-On Sneakers,Fashion,Footwear,AeroStep,website,Credit Card,1,"₹3,885.72","₹2,443.63",20%,₹0.00,03-Dec-2025,N,,,0,0%,
OL-002902,ORD-2025-02096,07-Dec-2025,C0535,Consumer,Hyderabad,Telangana,P050,KitchenRoot Mixer Grinder,Home & Kitchen,Kitchen,KitchenRoot,Website,Credit Card,1,"₹3,102.45","₹2,042.70",30%,₹0.00,09-Dec-2025,No,,,0,0%,4.0
OL-002906,ORD-2025-02100,03-Dec-2025,C0289,Home Office,Chandigarh,Punjab,P082,MoveMax Resistance Band Set,Sports,Fitness,MoveMax,Mobile App,UPI,1,"₹1,116.49",₹571.97,10%,₹99.00,08-Dec-2025,No,,,0,0%,
OL-002909,ORD-2025-02102,08-Dec-2025,C0106,Consumer,Vadodara,Gujarat,P075,GroomLab Hair Straightener,Beauty,Personal Care,GroomLab,MOBILE APP,COD,1,"₹3,536.85","₹1,901.20",0%,₹0.00,11-Dec-2025,N,,,0,0%,
OL-002980,ORD-2025-02153,01-Dec-2025,C0366,Corporate,Chandigarh,Punjab,P090,WildRoute Insulated Water Bottle,Sports,Outdoor,WildRoute,Mobile App,Upi,3,"₹1,948.61",₹949.59,15%,₹0.00,05-Dec-2025,no,,,0,0%,
OL-002987,ORD-2025-02160,21-Dec-2025,C0256,Corporate,New Delhi,Delhi,P066,DermaNest Hydrating Face Wash,Beauty,Skin Care,DermaNest,MOBILE APP,CREDIT CARD,3,"₹2,275.25","₹1,186.47",10%,₹0.00,27-Dec-2025,Not Returned,,,0,0%,
OL-003001,ORD-2025-02171,23-Dec-2025,C0797,Home Office,Kochi,Kerala,P061,CasaBloom Decorative Cushion Set,Home & Kitchen,Home Furnishing,CasaBloom,Marketplace,CREDIT CARD,1,"₹4,788.61","₹2,867.87",10%,₹0.00,30-Dec-2025,no,,,0,0%,
OL-003006,ORD-2025-02173,20-Dec-2025,C0698,Corporate,Jodhpur,Rajasthan,P054,HomeFlame Sandwich Maker,Home & Kitchen,Kitchen,HomeFlame,mobile app,Credit Card,1,"₹8,624.72","₹6,033.47",15%,₹0.00,25-Dec-2025,Not Returned,,,0,0%,
OL-003007,ORD-2025-02174,06-Dec-2025,C0576,Consumer,Lucknow,Uttar Pradesh,P047,HomeSync Digital Photo Frame,Electronics,Smart Devices,HomeSync,OFFLINE STORE,CREDIT CARD,2,"₹3,092.52","₹1,997.47",25%,₹0.00,08-Dec-2025,Y,16-Dec-2025,defective product,2,0%,1.0
OL-003013,ORD-2025-02178,23-Dec-2025,C0429,Consumer,Ludhiana,Punjab,P077,GlowEase Grooming Kit,Beauty,Personal Care,GlowEase,WEBSITE,UPI,1,"₹1,745.74",₹726.50,10%,₹49.00,29-Dec-2025,No,,,0,0%,5.0
OL-003015,ORD-2025-02180,21-Dec-2025,C0552,Consumer,Noida,Uttar Pradesh,P082,MoveMax Resistance Band Set,Sports,Fitness,MoveMax,Marketplace,Cash on Delivery,2,"₹1,149.60",₹571.97,20%,₹79.00,27-Dec-2025,No,,,0,0%,
OL-003016,ORD-2025-02180,21-Dec-2025,C0552,Consumer,Noida,Uttar Pradesh,P017,StrideX Running Sneakers,Fashion,Footwear,StrideX,Marketplace,Cash on Delivery,1,"₹4,243.25","₹2,445.58",20%,₹0.00,26-Dec-2025,Yes,14-Jan-2026,Wrong Item,1,0%,1.0
OL-003021,ORD-2025-02183,29-Dec-2025,C0324,Consumer,Indore,Madhya Pradesh,P041,PixelNest Smart Watch,Electronics,Smart Devices,PixelNest,website,credit card,1,"₹16,239.83","₹10,108.00",15%,₹0.00,06-Jan-2026,Y,25-Jan-2026,product not as expected,1,5%,
OL-003022,ORD-2025-02184,07-Dec-2025,C0223,Home Office,Madurai,Tamil Nadu,P063,NestLoom Lightweight Comforter,Home & Kitchen,Home Furnishing,NestLoom,WEBSITE,Credit Card,2,"₹1,225.95",₹465.94,15%,₹79.00,12-Dec-2025,no,,,0,0%,
OL-003023,ORD-2025-02185,31-Dec-2025,C0669,Consumer,Thiruvananthapuram,Kerala,P027,PulseTech Over-Ear Headphones,Electronics,Audio,PulseTech,MARKETPLACE,Cash on Delivery,1,"₹12,985.23","₹8,206.05",20%,₹0.00,09-Jan-2026,No,,,0,0%,5.0
OL-003024,ORD-2025-02186,30-Dec-2025,C0271,Consumer,Thiruvananthapuram,Kerala,P084,FitForge Skipping Rope,Sports,Fitness,FitForge,Website,UPI,1,₹687.63,₹296.67,15%,₹79.00,05-Jan-2026,Not Returned,,,0,0%,
OL-003025,ORD-2025-02186,30-Dec-2025,C0271,Consumer,Thiruvananthapuram,Kerala,P019,AeroStep Walking Shoes,Fashion,Footwear,AeroStep,Website,Upi,1,"₹1,089.27",₹531.47,20%,₹79.00,02-Jan-2026,No,,,0,0%,
OL-003026,ORD-2025-02186,30-Dec-2025,C0271,Consumer,Thiruvananthapuram,Kerala,P044,OrbitSmart Smart LED Bulb Pack,Electronics,Smart Devices,OrbitSmart,Website,UPI,1,"₹3,439.34","₹2,279.34",10%,₹0.00,02-Jan-2026,Yes,14-Jan-2026,Defective product,1,0%,3.0
OL-003030,ORD-2025-02189,10-Dec-2025,C0199,Consumer,Bengaluru,Karnataka,P097,SkillLeaf Data Analytics Handbook,Books,Books,SkillLeaf,Mobile App,Upi,1,₹739.18,₹249.11,20%,₹59.00,14-Dec-2025,no,,,0,0%,
OL-003039,ORD-2025-02195,28-Dec-2025,C0699,Consumer,Amritsar,Punjab,P074,GlowEase Trimmer Kit,Beauty,Personal Care,GlowEase,Marketplace,Cash on Delivery,1,"₹2,025.31","₹1,072.86",20%,₹79.00,02-Jan-2026,No,,,0,0%,3.0
OL-003056,ORD-2025-02206,20-Dec-2025,C0051,Consumer,Coimbatore,Tamil Nadu,P031,VoltAudio Neckband Earphones,Electronics,Audio,VoltAudio,Mobile App,UPI,1,"₹5,556.53","₹3,467.28",15%,₹0.00,22-Dec-2025,yes,29-Dec-2025,Not As Expected,1,5%,
OL-003057,ORD-2025-02206,20-Dec-2025,C0051,Consumer,Coimbatore,Tamil Nadu,P055,CookCraft Induction Cooktop,Home & Kitchen,Kitchen,CookCraft,Mobile App,upi,1,"₹10,115.30","₹5,775.47",10%,₹0.00,23-Dec-2025,Not Returned,,,0,0%,
OL-003067,ORD-2025-02214,03-Dec-2025,C0237,Consumer,Indore,Madhya Pradesh,P061,CasaBloom Decorative Cushion Set,Home & Kitchen,Home Furnishing,CasaBloom,Website,UPI,1,"₹4,853.63","₹2,867.87",0%,₹0.00,06-Dec-2025,Returned,29-Dec-2025,Product Not as Expected,1,0%,
OL-003068,ORD-2025-02214,03-Dec-2025,C0237,Consumer,Indore,Madhya Pradesh,P082,MoveMax Resistance Band Set,Sports,Fitness,MoveMax,WEBSITE,Upi,1,"₹1,114.79",₹571.97,10%,₹49.00,09-Dec-2025,Not Returned,,,0,0%,
OL-003069,ORD-2025-02214,03-Dec-2025,C0237,Consumer,Indore,Madhya Pradesh,P020,FootNest Flat Sandals,Fashion,Footwear,FootNest,WEBSITE,upi,1,"₹2,349.13","₹1,191.67",15%,₹39.00,07-Dec-2025,no,,,0,0%,
OL-003070,ORD-2025-02214,03-Dec-2025,C0237,Consumer,Indore,Madhya Pradesh,P060,SoftHaven Cotton Towel Set,Home & Kitchen,Home Furnishing,SoftHaven,WEBSITE,upi,2,"₹2,083.50",₹789.33,15%,₹0.00,09-Dec-2025,no,,,0,0%,4.0
OL-003073,ORD-2025-02216,13-Dec-2025,C0660,Home Office,Jabalpur,Madhya Pradesh,P050,KitchenRoot Mixer Grinder,Home & Kitchen,Kitchen,KitchenRoot,MARKETPLACE,COD,1,"₹3,127.43","₹2,042.70",25%,₹0.00,18-Dec-2025,no,,,0,0%,5.0
OL-003088,ORD-2025-02228,25-Dec-2025,C0815,Home Office,Amritsar,Punjab,P050,KitchenRoot Mixer Grinder,Home & Kitchen,Kitchen,KitchenRoot,MOBILE APP,Upi,2,"₹3,035.86","₹2,042.70",10%,₹0.00,30-Dec-2025,Yes,26-Jan-2026,Damaged Product,2,0%,2.0
OL-003089,ORD-2025-02228,25-Dec-2025,C0815,Home Office,Amritsar,Punjab,P025,SonicBay Wireless Earbuds,Electronics,Audio,SonicBay,Mobile App,UPI,1,"₹7,006.43","₹4,853.62",25%,₹0.00,30-Dec-2025,no,,,0,0%,4.0
OL-003107,ORD-2025-02240,19-Dec-2025,C0465,Corporate,Kochi,Kerala,P069,PureGlow Niacinamide Serum,Beauty,Skin Care,PureGlow,Website,DEBIT CARD,1,₹765.02,₹337.59,20%,₹99.00,26-Dec-2025,N,,,0,0%,
OL-003108,ORD-2025-02240,19-Dec-2025,C0465,Corporate,Kochi,Kerala,P026,SonicBay Bluetooth Speaker,Electronics,Audio,SonicBay,Website,Debit Card,2,"₹7,723.17","₹5,106.31",30%,₹0.00,24-Dec-2025,no,,,0,0%,
OL-003118,ORD-2025-02250,15-Dec-2025,C0436,Consumer,Warangal,Telangana,P068,DermaNest Night Repair Cream,Beauty,Skin Care,DermaNest,MARKETPLACE,upi,1,"₹1,008.09",₹376.87,25%,₹49.00,22-Dec-2025,No,,,0,0%,
OL-003123,ORD-2025-02253,11-Dec-2025,C0327,Corporate,New Delhi,Delhi,P058,NestLoom Blackout Curtains,Home & Kitchen,Home Furnishing,NestLoom,Website,UPI,1,"₹4,736.21","₹2,429.60",25%,₹0.00,15-Dec-2025,Not Returned,,,0,0%,
OL-003134,ORD-2025-02260,21-Dec-2025,C0096,Consumer,Amritsar,Punjab,P026,SonicBay Bluetooth Speaker,Electronics,Audio,SonicBay,Website,Upi,1,"₹7,742.20","₹5,106.31",20%,₹0.00,27-Dec-2025,Y,17-Jan-2026,Defective product,1,0%,2.0
OL-003141,ORD-2025-02265,26-Dec-2025,C0335,Consumer,Lucknow,Uttar Pradesh,P045,PixelNest Streaming Stick,Electronics,Smart Devices,PixelNest,marketplace,UPI,2,"₹5,088.76","₹4,170.85",10%,₹0.00,02-Jan-2026,No,,,0,0%,4.0
OL-003142,ORD-2025-02265,26-Dec-2025,C0335,Consumer,Lucknow,Uttar Pradesh,P011,MiraMode Cotton Kurta Set,Fashion,Women's Clothing,MiraMode,Marketplace,Upi,1,"₹3,749.35","₹1,679.04",20%,₹0.00,01-Jan-2026,Returned,13-Jan-2026,Product Not as Expected,1,10%,4.0
OL-003149,ORD-2025-02269,19-Dec-2025,C0119,Consumer,Chandigarh,Punjab,P041,PixelNest Smart Watch,Electronics,Smart Devices,PixelNest,Mobile App,CREDIT CARD,1,"₹16,445.74","₹10,108.00",15%,₹0.00,21-Dec-2025,N,,,0,0%,
OL-003163,ORD-2025-02280,19-Dec-2025,C0660,Home Office,Jabalpur,Madhya Pradesh,P022,AeroStep Training Shoes,Fashion,Footwear,AeroStep,OFFLINE STORE,debit card,1,"₹4,362.56","₹2,516.74",10%,₹0.00,22-Dec-2025,N,,,0,0%,5.0
OL-003164,ORD-2025-02280,19-Dec-2025,C0660,Home Office,Jabalpur,Madhya Pradesh,P069,PureGlow Niacinamide Serum,Beauty,Skin Care,PureGlow,Offline Store,debit card,1,₹808.06,₹337.59,0%,₹0.00,20-Dec-2025,No,,,0,0%,5.0
OL-003175,ORD-2025-02290,09-Dec-2025,C0069,Home Office,Indore,Madhya Pradesh,P019,AeroStep Walking Shoes,Fashion,Footwear,AeroStep,website,credit card,2,"₹1,051.54",₹531.47,30%,₹49.00,13-Dec-2025,Not Returned,,,0,0%,
OL-003179,ORD-2025-02293,26-Dec-2025,C0478,Consumer,New Delhi,Delhi,P060,SoftHaven Cotton Towel Set,Home & Kitchen,Home Furnishing,SoftHaven,Website,credit card,1,"₹2,002.87",₹789.33,20%,₹79.00,29-Dec-2025,no,,,0,0%,
OL-003184,ORD-2025-02295,12-Dec-2025,C0549,Consumer,Kochi,Kerala,P001,UrbanThread Classic Fit Shirt,Fashion,Men's Clothing,UrbanThread,website,upi,2,"₹1,964.02","₹1,197.48",15%,₹0.00,20-Dec-2025,No,,,0,0%,
OL-003185,ORD-2025-02295,12-Dec-2025,C0549,Consumer,Kochi,Kerala,P050,KitchenRoot Mixer Grinder,Home & Kitchen,Kitchen,KitchenRoot,Website,upi,1,"₹3,274.59","₹2,042.70",5%,₹0.00,17-Dec-2025,Not Returned,,,0,0%,
OL-003190,ORD-2025-02300,24-Dec-2025,C0308,Consumer,Chandigarh,Punjab,P092,TrailPeak Trekking Pole Set,Sports,Outdoor,TrailPeak,website,UPI,1,"₹2,088.19","₹1,345.49",5%,₹79.00,28-Dec-2025,Yes,04-Jan-2026,Wrong size,1,0%,
OL-003191,ORD-2025-02301,24-Dec-2025,C0587,Consumer,Bengaluru,Karnataka,P089,TrailPeak Hiking Backpack,Sports,Outdoor,TrailPeak,Mobile App,DEBIT CARD,2,"₹4,184.03","₹2,093.58",15%,₹0.00,29-Dec-2025,Not Returned,,,0,0%,
OL-003195,ORD-2025-02305,24-Dec-2025,C0245,Home Office,Mumbai,Maharashtra,P035,VoltEdge USB-C Cable Pack,Electronics,Mobile Accessories,VoltEdge,Mobile App,UPI,1,"₹1,516.11","₹1,086.77",5%,₹49.00,31-Dec-2025,N,,,0,0%,5.0
OL-003214,ORD-2025-02321,24-Dec-2025,C0463,Home Office,Warangal,Telangana,P008,NorthLane Everyday Crew T-Shirt,Fashion,Men's Clothing,NorthLane,Mobile App,CREDIT CARD,1,"₹2,699.95","₹1,327.12",25%,₹0.00,29-Dec-2025,no,,,0,0%,5.0
OL-003222,ORD-2025-02327,22-Dec-2025,C0489,Consumer,Siliguri,West Bengal,P072,BloomSkin Lip Care Combo,Beauty,Skin Care,BloomSkin,MOBILE APP,UPI,2,"₹1,567.89",₹648.65,30%,₹0.00,24-Dec-2025,no,,,0,0%,5.0
OL-003223,ORD-2025-02327,22-Dec-2025,C0489,Consumer,Siliguri,West Bengal,P010,AuraStyle High Rise Jeans,Fashion,Women's Clothing,AuraStyle,MOBILE APP,Upi,1,"₹1,574.99",₹619.70,15%,₹49.00,26-Dec-2025,N,,,0,0%,3.0
OL-003253,ORD-2025-02351,06-Dec-2025,C0010,Consumer,Surat,Gujarat,P102,SkillLeaf Excel for Analysts,Books,Books,SkillLeaf,Marketplace,Credit Card,1,₹652.97,₹201.89,25%,₹99.00,14-Dec-2025,no,,,0,0%,
OL-003272,ORD-2025-02366,30-Dec-2025,C0487,Corporate,Jabalpur,Madhya Pradesh,P028,SonicBay Soundbar Mini,Electronics,Audio,SonicBay,Offline Store,Debit Card,1,"₹12,542.89","₹7,220.21",10%,₹0.00,03-Jan-2026,N,,,0,0%,
OL-003284,ORD-2025-02375,14-Dec-2025,C0522,Consumer,Jaipur,Rajasthan,P007,CivicWear Stretch Denim Jeans,Fashion,Men's Clothing,CivicWear,Marketplace,Cash on Delivery,1,"₹3,235.77","₹1,748.24",15%,₹0.00,20-Dec-2025,no,,,0,0%,
OL-003297,ORD-2025-02384,29-Dec-2025,C0486,Consumer,Mangaluru,Karnataka,P065,DermaNest Vitamin C Serum,Beauty,Skin Care,DermaNest,Website,debit card,1,"₹1,746.83",₹646.29,20%,₹79.00,03-Jan-2026,N,,,0,0%,
OL-003332,ORD-2025-02412,29-Dec-2025,C0803,Corporate,Kozhikode,Kerala,P087,MoveMax Kettlebell,Sports,Fitness,MoveMax,Mobile App,Debit Card,1,"₹8,308.42","₹4,195.76",25%,₹0.00,31-Dec-2025,Not Returned,,,0,0%,
OL-003357,ORD-2025-02430,11-Dec-2025,C0783,Home Office,Amritsar,Punjab,P062,NestLoom Floor Mat Set,Home & Kitchen,Home Furnishing,NestLoom,Mobile App,DEBIT CARD,1,"₹3,692.71","₹1,409.58",5%,₹0.00,15-Dec-2025,No,,,0,0%,4.0
OL-003364,ORD-2025-02436,24-Dec-2025,C0317,Corporate,Jabalpur,Madhya Pradesh,P097,SkillLeaf Data Analytics Handbook,Books,Books,SkillLeaf,Website,Upi,1,₹731.86,₹249.11,20%,₹49.00,26-Dec-2025,N,,,0,0%,4.0
OL-003365,ORD-2025-02436,24-Dec-2025,C0317,Corporate,Jabalpur,Madhya Pradesh,P032,SonicBay Studio Headphones,Electronics,Audio,SonicBay,WEBSITE,Upi,1,"₹1,578.09","₹1,085.23",5%,₹99.00,26-Dec-2025,Returned,07-Jan-2026,Not As Expected,1,5%,3.0
OL-003369,ORD-2025-02438,14-Dec-2025,C0710,Corporate,Kanpur,Uttar Pradesh,P065,DermaNest Vitamin C Serum,Beauty,Skin Care,DermaNest,Mobile App,upi,1,"₹1,776.11",₹646.29,15%,₹79.00,16-Dec-2025,Not Returned,,,0,0%,4.0
OL-003370,ORD-2025-02438,14-Dec-2025,C0710,Corporate,Kanpur,Uttar Pradesh,P055,CookCraft Induction Cooktop,Home & Kitchen,Kitchen,CookCraft,mobile app,upi,2,"₹9,720.30","₹5,775.47",20%,₹0.00,19-Dec-2025,no,,,0,0%,
OL-003397,ORD-2025-02460,07-Dec-2025,C0437,Home Office,Kozhikode,Kerala,P050,KitchenRoot Mixer Grinder,Home & Kitchen,Kitchen,KitchenRoot,Offline Store,DEBIT CARD,1,"₹3,092.65","₹2,042.70",20%,₹0.00,09-Dec-2025,No,,,0,0%,
OL-003398,ORD-2025-02460,07-Dec-2025,C0437,Home Office,Kozhikode,Kerala,P041,PixelNest Smart Watch,Electronics,Smart Devices,PixelNest,Offline Store,Debit Card,1,"₹16,653.12","₹10,108.00",25%,₹0.00,09-Dec-2025,N,,,0,0%,
OL-003399,ORD-2025-02460,07-Dec-2025,C0437,Home Office,Kozhikode,Kerala,P049,HomeFlame Non-Stick Cookware Set,Home & Kitchen,Kitchen,HomeFlame,OFFLINE STORE,DEBIT CARD,1,"₹9,253.93","₹6,307.48",20%,₹0.00,08-Dec-2025,No,,,0,0%,
OL-003407,ORD-2025-02466,09-Dec-2025,C0731,Consumer,Bengaluru,Karnataka,P016,VelvetLeaf Everyday Leggings,Fashion,Women's Clothing,VelvetLeaf,WEBSITE,Debit Card,1,"₹2,743.27","₹1,495.61",15%,₹0.00,13-Dec-2025,No,,,0,0%,
OL-003418,ORD-2025-02473,31-Dec-2025,C0725,Consumer,Jabalpur,Madhya Pradesh,P072,BloomSkin Lip Care Combo,Beauty,Skin Care,BloomSkin,Mobile App,Debit Card,3,"₹1,508.38",₹648.65,20%,₹0.00,05-Jan-2026,Y,25-Jan-2026,product not as expected,3,0%,4.0
OL-003429,ORD-2025-02484,26-Dec-2025,C0017,Consumer,Mysuru,Karnataka,P039,ConnectPro Screen Protector Pack,Electronics,Mobile Accessories,ConnectPro,Website,Cash on Delivery,1,"₹2,942.41","₹1,872.80",5%,₹0.00,02-Jan-2026,N,,,0,0%,
OL-003430,ORD-2025-02484,26-Dec-2025,C0017,Consumer,Mysuru,Karnataka,P014,MiraMode Straight Fit Trousers,Fashion,Women's Clothing,MiraMode,Website,Cash on Delivery,1,"₹2,350.49",₹955.33,5%,₹99.00,31-Dec-2025,no,,,0,0%,
OL-003443,ORD-2025-02496,11-Dec-2025,C0563,Corporate,Chennai,Tamil Nadu,P031,VoltAudio Neckband Earphones,Electronics,Audio,VoltAudio,Website,Upi,2,"₹5,524.42","₹3,467.28",15%,₹0.00,18-Dec-2025,Not Returned,,,0,0%,
OL-003446,ORD-2025-02499,03-Dec-2025,C0785,Consumer,Kozhikode,Kerala,P079,GlowEase Hair Styling Brush,Beauty,Personal Care,GlowEase,marketplace,upi,1,"₹4,483.96","₹2,198.07",25%,₹0.00,11-Dec-2025,No,,,0,0%,4.0
OL-003465,ORD-2025-02510,02-Dec-2025,C0261,Consumer,Ahmedabad,Gujarat,P037,NexCharge Wireless Charger,Electronics,Mobile Accessories,NexCharge,Marketplace,cash on delivery,1,₹505.89,₹271.48,25%,₹79.00,07-Dec-2025,no,,,0,0%,4.0
OL-003472,ORD-2025-02516,24-Dec-2025,C0715,Consumer,Coimbatore,Tamil Nadu,P033,VoltEdge Fast Charging Adapter,Electronics,Mobile Accessories,VoltEdge,MOBILE APP,WALLET,1,"₹3,407.72","₹1,702.67",15%,₹0.00,28-Dec-2025,Returned,22-Jan-2026,Damaged Product,1,0%,4.0
OL-003484,ORD-2025-02525,23-Dec-2025,C0546,Consumer,New Delhi,Delhi,P002,NorthLane Slim Fit Jeans,Fashion,Men's Clothing,NorthLane,WEBSITE,upi,3,"₹1,053.35",₹591.59,5%,₹0.00,29-Dec-2025,Not Returned,,,0,0%,
OL-003486,ORD-2025-02527,19-Dec-2025,C0465,Corporate,Kochi,Kerala,P033,VoltEdge Fast Charging Adapter,Electronics,Mobile Accessories,VoltEdge,website,credit card,1,"₹3,204.45","₹1,702.67",25%,₹0.00,27-Dec-2025,No,,,0,0%,3.0
OL-003492,ORD-2025-02532,29-Dec-2025,C0313,Consumer,New Delhi,Delhi,P002,NorthLane Slim Fit Jeans,Fashion,Men's Clothing,NorthLane,Mobile App,UPI,2,"₹1,070.56",₹591.59,15%,₹99.00,03-Jan-2026,yes,06-Jan-2026,Wrong Size,2,0%,3.0
OL-003511,ORD-2025-02546,03-Dec-2025,C0078,Consumer,Udaipur,Rajasthan,P041,PixelNest Smart Watch,Electronics,Smart Devices,PixelNest,WEBSITE,Credit Card,2,"₹16,502.72","₹10,108.00",20%,₹0.00,05-Dec-2025,Not Returned,,,0,0%,
OL-003512,ORD-2025-02546,03-Dec-2025,C0078,Consumer,Udaipur,Rajasthan,P049,HomeFlame Non-Stick Cookware Set,Home & Kitchen,Kitchen,HomeFlame,WEBSITE,Credit Card,1,"₹9,768.75","₹6,307.48",5%,₹0.00,08-Dec-2025,N,,,0,0%,4.0
OL-003514,ORD-2025-02548,10-Dec-2025,C0557,Consumer,Noida,Uttar Pradesh,P090,WildRoute Insulated Water Bottle,Sports,Outdoor,WildRoute,WEBSITE,Credit Card,3,"₹1,968.47",₹949.59,15%,₹0.00,13-Dec-2025,yes,17-Dec-2025,Late Delivery,3,0%,
OL-003515,ORD-2025-02549,18-Dec-2025,C0806,Consumer,Jaipur,Rajasthan,P046,PixelNest Smart Plug Pack,Electronics,Smart Devices,PixelNest,mobile app,Debit Card,1,"₹9,636.76","₹7,571.95",15%,₹0.00,23-Dec-2025,no,,,0,0%,
OL-003528,ORD-2025-02560,02-Dec-2025,C0596,Corporate,Siliguri,West Bengal,P082,MoveMax Resistance Band Set,Sports,Fitness,MoveMax,offline store,DEBIT CARD,1,"₹1,153.87",₹571.97,15%,₹0.00,03-Dec-2025,yes,16-Dec-2025,Damaged Product,1,0%,3.0
OL-003543,ORD-2025-02570,22-Dec-2025,C0278,Corporate,Hyderabad,Telangana,P016,VelvetLeaf Everyday Leggings,Fashion,Women's Clothing,VelvetLeaf,MARKETPLACE,UPI,2,"₹2,548.22","₹1,495.61",30%,₹0.00,28-Dec-2025,Y,24-Jan-2026,Wrong Item,2,0%,
OL-003544,ORD-2025-02570,22-Dec-2025,C0278,Corporate,Hyderabad,Telangana,P064,CasaBloom Table Runner Set,Home & Kitchen,Home Furnishing,CasaBloom,MARKETPLACE,UPI,1,"₹2,711.92","₹1,522.07",30%,₹0.00,25-Dec-2025,yes,20-Jan-2026,changed mind,1,15%,4.0
OL-003583,ORD-2025-02597,17-Dec-2025,C0355,Consumer,Chennai,Tamil Nadu,P085,FitForge Foam Roller,Sports,Fitness,FitForge,mobile app,DEBIT CARD,3,"₹3,143.99","₹1,433.02",15%,₹0.00,21-Dec-2025,Not Returned,,,0,0%,
OL-003591,ORD-2025-02604,10-Dec-2025,C0352,Corporate,Bengaluru,Karnataka,P009,VelvetLeaf Floral Midi Dress,Fashion,Women's Clothing,VelvetLeaf,marketplace,CREDIT CARD,1,"₹1,656.12","₹1,003.66",15%,₹49.00,16-Dec-2025,Y,06-Jan-2026,wrong size,1,5%,4.0
OL-003596,ORD-2025-02609,16-Dec-2025,C0696,Corporate,Jabalpur,Madhya Pradesh,P001,UrbanThread Classic Fit Shirt,Fashion,Men's Clothing,UrbanThread,Marketplace,debit card,1,"₹2,086.60","₹1,197.48",20%,₹99.00,21-Dec-2025,no,,,0,0%,5.0
OL-003602,ORD-2025-02614,02-Dec-2025,C0302,Home Office,Noida,Uttar Pradesh,P039,ConnectPro Screen Protector Pack,Electronics,Mobile Accessories,ConnectPro,Website,Credit Card,1,"₹2,819.43","₹1,872.80",30%,₹0.00,07-Dec-2025,Returned,21-Dec-2025,Damaged Product,1,0%,3.0
OL-003612,ORD-2025-02618,19-Dec-2025,C0063,Consumer,Surat,Gujarat,P104,SkillLeaf Power BI Project Guide,Books,Books,SkillLeaf,website,net banking,1,"₹1,211.79",₹474.23,30%,₹59.00,23-Dec-2025,No,,,0,0%,
OL-003613,ORD-2025-02618,19-Dec-2025,C0063,Consumer,Surat,Gujarat,P081,FitForge Yoga Mat,Sports,Fitness,FitForge,Website,net banking,2,"₹7,592.22","₹3,978.89",5%,₹0.00,25-Dec-2025,no,,,0,0%,4.0
OL-003614,ORD-2025-02619,01-Dec-2025,C0192,Consumer,Indore,Madhya Pradesh,P097,SkillLeaf Data Analytics Handbook,Books,Books,SkillLeaf,Marketplace,cash on delivery,1,₹689.11,₹249.11,10%,₹99.00,05-Dec-2025,Y,08-Dec-2025,Damaged Product,1,0%,
OL-003616,ORD-2025-02621,27-Dec-2025,C0702,Home Office,Kanpur,Uttar Pradesh,P027,PulseTech Over-Ear Headphones,Electronics,Audio,PulseTech,WEBSITE,Credit Card,1,"₹12,069.79","₹8,206.05",0%,₹0.00,30-Dec-2025,N,,,0,0%,
OL-003619,ORD-2025-02624,04-Dec-2025,C0604,Corporate,New Delhi,Delhi,P003,UrbanThread Cotton Polo T-Shirt,Fashion,Men's Clothing,UrbanThread,Offline Store,UPI,1,"₹1,741.27","₹1,128.89",15%,₹0.00,06-Dec-2025,yes,25-Dec-2025,Wrong Size,1,0%,
OL-003621,ORD-2025-02626,09-Dec-2025,C0773,Consumer,New Delhi,Delhi,P014,MiraMode Straight Fit Trousers,Fashion,Women's Clothing,MiraMode,WEBSITE,credit card,2,"₹2,280.77",₹955.33,10%,₹0.00,15-Dec-2025,no,,,0,0%,
OL-003625,ORD-2025-02629,03-Dec-2025,C0136,Consumer,Nagpur,Maharashtra,P083,FitForge Adjustable Dumbbells,Sports,Fitness,FitForge,mobile app,Upi,1,"₹7,844.99","₹4,814.22",5%,₹0.00,06-Dec-2025,Not Returned,,,0,0%,2.0
OL-003626,ORD-2025-02629,03-Dec-2025,C0136,Consumer,Nagpur,Maharashtra,P069,PureGlow Niacinamide Serum,Beauty,Skin Care,PureGlow,Mobile App,upi,1,₹748.08,₹337.59,0%,₹99.00,04-Dec-2025,no,,,0,0%,5.0
OL-003647,ORD-2025-02644,19-Dec-2025,C0412,Consumer,Lucknow,Uttar Pradesh,P005,UrbanThread Lightweight Jacket,Fashion,Men's Clothing,UrbanThread,Mobile App,UPI,1,"₹1,280.38",₹646.63,20%,₹49.00,25-Dec-2025,no,,,0,0%,
OL-003660,ORD-2025-02654,19-Dec-2025,C0160,Consumer,Kolkata,West Bengal,P073,GlowEase Hair Dryer,Beauty,Personal Care,GlowEase,Mobile App,DEBIT CARD,2,"₹1,879.53","₹1,011.23",25%,₹0.00,21-Dec-2025,yes,29-Dec-2025,damaged product,2,0%,2.0
OL-003662,ORD-2025-02656,12-Dec-2025,C0475,Corporate,Ahmedabad,Gujarat,P094,AeroCamp Picnic Mat,Sports,Outdoor,AeroCamp,website,Cash on Delivery,1,"₹1,867.21","₹1,160.08",15%,₹49.00,14-Dec-2025,Not Returned,,,0,0%,5.0
OL-003663,ORD-2025-02656,12-Dec-2025,C0475,Corporate,Ahmedabad,Gujarat,P017,StrideX Running Sneakers,Fashion,Footwear,StrideX,Website,cash on delivery,2,"₹4,452.84","₹2,445.58",30%,₹0.00,15-Dec-2025,Y,18-Dec-2025,Not As Expected,2,10%,
OL-003667,ORD-2025-02658,07-Dec-2025,C0839,Corporate,Thiruvananthapuram,Kerala,P037,NexCharge Wireless Charger,Electronics,Mobile Accessories,NexCharge,WEBSITE,Upi,1,₹521.71,₹271.48,15%,₹79.00,09-Dec-2025,No,,,0,0%,4.0
OL-003668,ORD-2025-02658,07-Dec-2025,C0839,Corporate,Thiruvananthapuram,Kerala,P097,SkillLeaf Data Analytics Handbook,Books,Books,SkillLeaf,Website,UPI,1,₹706.59,₹249.11,10%,₹39.00,12-Dec-2025,No,,,0,0%,3.0
OL-003694,ORD-2025-02676,23-Dec-2025,C0568,Consumer,Nagpur,Maharashtra,P088,FitForge Core Slider Set,Sports,Fitness,FitForge,WEBSITE,UPI,1,"₹4,788.16","₹2,278.33",0%,₹0.00,27-Dec-2025,Yes,18-Jan-2026,Not As Expected,1,0%,
OL-003695,ORD-2025-02676,23-Dec-2025,C0568,Consumer,Nagpur,Maharashtra,P017,StrideX Running Sneakers,Fashion,Footwear,StrideX,Website,UPI,1,"₹4,256.12","₹2,445.58",10%,₹0.00,27-Dec-2025,Not Returned,,,0,0%,
OL-003697,ORD-2025-02678,05-Dec-2025,C0803,Corporate,Kozhikode,Kerala,P103,InsightPress SQL Practice Workbook,Books,Books,InsightPress,Mobile App,Wallet,1,₹909.77,₹330.48,15%,₹79.00,11-Dec-2025,No,,,0,0%,4.0
OL-003709,ORD-2025-02688,18-Dec-2025,C0330,Consumer,Ahmedabad,Gujarat,P021,FootNest Block Heel Sandals,Fashion,Footwear,FootNest,marketplace,cash on delivery,1,"₹4,352.22","₹2,846.55",15%,₹0.00,26-Dec-2025,Not Returned,,,0,0%,5.0
OL-003710,ORD-2025-02689,24-Dec-2025,C0071,Consumer,Warangal,Telangana,P065,DermaNest Vitamin C Serum,Beauty,Skin Care,DermaNest,offline store,Debit Card,1,"₹1,686.92",₹646.29,10%,₹0.00,25-Dec-2025,Not Returned,,,0,0%,4.0
OL-003711,ORD-2025-02689,24-Dec-2025,C0071,Consumer,Warangal,Telangana,P072,BloomSkin Lip Care Combo,Beauty,Skin Care,BloomSkin,Offline Store,Debit Card,1,"₹1,432.86",₹648.65,20%,₹0.00,24-Dec-2025,no,,,0,0%,4.0
OL-003712,ORD-2025-02689,24-Dec-2025,C0071,Consumer,Warangal,Telangana,P041,PixelNest Smart Watch,Electronics,Smart Devices,PixelNest,Offline Store,Debit Card,1,"₹15,740.23","₹10,108.00",15%,₹0.00,27-Dec-2025,yes,17-Jan-2026,Defective Product,1,0%,4.0
OL-003713,ORD-2025-02689,24-Dec-2025,C0071,Consumer,Warangal,Telangana,P103,InsightPress SQL Practice Workbook,Books,Books,InsightPress,OFFLINE STORE,DEBIT CARD,2,₹818.87,₹330.48,10%,₹0.00,24-Dec-2025,Not Returned,,,0,0%,4.0
OL-003719,ORD-2025-02694,20-Dec-2025,C0748,Consumer,New Delhi,Delhi,P010,AuraStyle High Rise Jeans,Fashion,Women's Clothing,AuraStyle,MOBILE APP,upi,1,"₹1,607.41",₹619.70,20%,₹79.00,24-Dec-2025,No,,,0,0%,5.0
OL-003720,ORD-2025-02695,16-Dec-2025,C0566,Corporate,Coimbatore,Tamil Nadu,P031,VoltAudio Neckband Earphones,Electronics,Audio,VoltAudio,Offline Store,DEBIT CARD,2,"₹5,771.85","₹3,467.28",5%,₹0.00,16-Dec-2025,no,,,0,0%,4.0
OL-003721,ORD-2025-02695,16-Dec-2025,C0566,Corporate,Coimbatore,Tamil Nadu,P098,BrightPage Personal Finance Basics,Books,Books,BrightPage,Offline Store,DEBIT CARD,1,"₹1,210.39",₹379.22,15%,₹0.00,18-Dec-2025,No,,,0,0%,
OL-003722,ORD-2025-02695,16-Dec-2025,C0566,Corporate,Coimbatore,Tamil Nadu,P017,StrideX Running Sneakers,Fashion,Footwear,StrideX,Offline Store,Debit Card,1,"₹4,294.16","₹2,445.58",15%,₹0.00,18-Dec-2025,N,,,0,0%,
OL-003744,ORD-2025-02711,25-Dec-2025,C0003,Consumer,Pune,Maharashtra,P100,SkillLeaf The Productivity System,Books,Books,SkillLeaf,WEBSITE,Credit Card,1,₹554.10,₹247.93,25%,₹59.00,01-Jan-2026,No,,,0,0%,
OL-003746,ORD-2025-02713,31-Dec-2025,C0213,Consumer,New Delhi,Delhi,P035,VoltEdge USB-C Cable Pack,Electronics,Mobile Accessories,VoltEdge,Marketplace,Credit Card,1,"₹1,604.47","₹1,086.77",20%,₹49.00,09-Jan-2026,No,,,0,0%,2.0
OL-003753,ORD-2025-02719,13-Dec-2025,C0202,Consumer,Vadodara,Gujarat,P020,FootNest Flat Sandals,Fashion,Footwear,FootNest,Mobile App,credit card,1,"₹2,429.47","₹1,191.67",30%,₹79.00,19-Dec-2025,Not Returned,,,0,0%,
OL-003801,ORD-2025-02753,05-Dec-2025,C0272,Consumer,Mysuru,Karnataka,P103,InsightPress SQL Practice Workbook,Books,Books,InsightPress,Mobile App,Upi,1,₹859.75,₹330.48,5%,₹39.00,10-Dec-2025,N,,,0,0%,5.0
OL-003803,ORD-2025-02755,11-Dec-2025,C0636,Consumer,Jabalpur,Madhya Pradesh,P032,SonicBay Studio Headphones,Electronics,Audio,SonicBay,Mobile App,cash on delivery,2,"₹1,438.61","₹1,085.23",15%,₹0.00,16-Dec-2025,Y,30-Dec-2025,Changed mind,2,0%,
OL-003804,ORD-2025-02755,11-Dec-2025,C0636,Consumer,Jabalpur,Madhya Pradesh,P059,CasaBloom Memory Foam Pillow,Home & Kitchen,Home Furnishing,CasaBloom,mobile app,Cash on Delivery,1,"₹1,147.85",₹598.05,10%,₹79.00,15-Dec-2025,N,,,0,0%,
OL-003805,ORD-2025-02755,11-Dec-2025,C0636,Consumer,Jabalpur,Madhya Pradesh,P057,NestLoom Bedsheet Set,Home & Kitchen,Home Furnishing,NestLoom,Mobile App,Cash on Delivery,1,"₹3,739.01","₹1,790.83",20%,₹0.00,14-Dec-2025,yes,08-Jan-2026,Product Not as Expected,1,10%,1.0
OL-003819,ORD-2025-02762,30-Dec-2025,C0797,Home Office,Kochi,Kerala,P047,HomeSync Digital Photo Frame,Electronics,Smart Devices,HomeSync,MARKETPLACE,Credit Card,2,"₹3,234.17","₹1,997.47",10%,₹0.00,04-Jan-2026,Y,25-Jan-2026,Defective product,2,0%,2.0
OL-003829,ORD-2025-02771,18-Dec-2025,C0833,Consumer,Jodhpur,Rajasthan,P067,DermaNest SPF 50 Sunscreen,Beauty,Skin Care,DermaNest,Mobile App,COD,1,"₹1,726.20",₹875.79,30%,₹39.00,21-Dec-2025,Not Returned,,,0,0%,
OL-003831,ORD-2025-02773,28-Dec-2025,C0266,Consumer,Mumbai,Maharashtra,P089,TrailPeak Hiking Backpack,Sports,Outdoor,TrailPeak,Mobile App,Upi,2,"₹4,482.63","₹2,093.58",20%,₹0.00,01-Jan-2026,Returned,27-Jan-2026,damaged product,2,0%,
OL-003832,ORD-2025-02773,28-Dec-2025,C0266,Consumer,Mumbai,Maharashtra,P021,FootNest Block Heel Sandals,Fashion,Footwear,FootNest,mobile app,UPI,1,"₹4,281.93","₹2,846.55",5%,₹0.00,31-Dec-2025,no,,,0,0%,4.0
OL-003857,ORD-2025-02790,10-Dec-2025,C0093,Consumer,Kolkata,West Bengal,P042,PixelNest Fitness Band,Electronics,Smart Devices,PixelNest,marketplace,Credit Card,1,"₹5,182.32","₹3,685.96",15%,₹0.00,16-Dec-2025,no,,,0,0%,
OL-003876,ORD-2025-02804,13-Dec-2025,C0031,Home Office,Kozhikode,Kerala,P045,PixelNest Streaming Stick,Electronics,Smart Devices,PixelNest,marketplace,debit card,1,"₹5,164.81","₹4,170.85",5%,₹0.00,22-Dec-2025,N,,,0,0%,3.0
OL-003877,ORD-2025-02805,18-Dec-2025,C0109,Corporate,Jabalpur,Madhya Pradesh,P027,PulseTech Over-Ear Headphones,Electronics,Audio,PulseTech,mobile app,Upi,3,"₹12,636.08","₹8,206.05",20%,₹0.00,22-Dec-2025,Y,28-Dec-2025,Product Not as Expected,3,5%,2.0
OL-003878,ORD-2025-02805,18-Dec-2025,C0109,Corporate,Jabalpur,Madhya Pradesh,P009,VelvetLeaf Floral Midi Dress,Fashion,Women's Clothing,VelvetLeaf,Mobile App,UPI,1,"₹1,758.61","₹1,003.66",20%,₹49.00,21-Dec-2025,no,,,0,0%,4.0
OL-003895,ORD-2025-02818,02-Dec-2025,C0469,Consumer,Mysuru,Karnataka,P039,ConnectPro Screen Protector Pack,Electronics,Mobile Accessories,ConnectPro,offline store,Cash,1,"₹2,945.48","₹1,872.80",25%,₹0.00,03-Dec-2025,Not Returned,,,0,0%,
OL-003896,ORD-2025-02819,15-Dec-2025,C0236,Consumer,Udaipur,Rajasthan,P103,InsightPress SQL Practice Workbook,Books,Books,InsightPress,Mobile App,Credit Card,1,₹900.60,₹330.48,10%,₹49.00,17-Dec-2025,Returned,25-Dec-2025,Product Not as Expected,1,0%,1.0
OL-003897,ORD-2025-02819,15-Dec-2025,C0236,Consumer,Udaipur,Rajasthan,P101,BrightPage Modern Marketing Playbook,Books,Books,BrightPage,Mobile App,CREDIT CARD,1,"₹1,215.13",₹460.56,15%,₹79.00,20-Dec-2025,no,,,0,0%,3.0
OL-003898,ORD-2025-02819,15-Dec-2025,C0236,Consumer,Udaipur,Rajasthan,P022,AeroStep Training Shoes,Fashion,Footwear,AeroStep,mobile app,Credit Card,1,"₹4,377.58","₹2,516.74",0%,₹0.00,22-Dec-2025,No,,,0,0%,5.0
OL-003915,ORD-2025-02832,07-Dec-2025,C0813,Home Office,Jaipur,Rajasthan,P002,NorthLane Slim Fit Jeans,Fashion,Men's Clothing,NorthLane,offline store,credit card,1,"₹1,130.04",₹591.59,10%,₹0.00,10-Dec-2025,yes,13-Dec-2025,Wrong size,1,0%,2.0
OL-003916,ORD-2025-02832,07-Dec-2025,C0813,Home Office,Jaipur,Rajasthan,P053,KitchenRoot Air Fryer,Home & Kitchen,Kitchen,KitchenRoot,Offline Store,Credit Card,1,"₹9,951.63","₹5,632.33",10%,₹0.00,09-Dec-2025,no,,,0,0%,4.0
OL-003956,ORD-2025-02858,09-Dec-2025,C0673,Corporate,Mysuru,Karnataka,P071,DermaNest Clay Face Mask,Beauty,Skin Care,DermaNest,Website,NET BANKING,1,₹865.34,₹349.54,20%,₹79.00,15-Dec-2025,Not Returned,,,0,0%,5.0
OL-003964,ORD-2025-02864,19-Dec-2025,C0384,Consumer,Coimbatore,Tamil Nadu,P010,AuraStyle High Rise Jeans,Fashion,Women's Clothing,AuraStyle,marketplace,COD,2,"₹1,545.19",₹619.70,10%,₹0.00,27-Dec-2025,Returned,11-Jan-2026,Wrong Size,2,0%,4.0
OL-003978,ORD-2025-02876,21-Dec-2025,C0183,Consumer,Kozhikode,Kerala,P036,ConnectPro Phone Case,Electronics,Mobile Accessories,ConnectPro,Website,debit card,1,"₹1,307.98",₹797.74,15%,₹39.00,26-Dec-2025,N,,,0,0%,
OL-003984,ORD-2025-02880,01-Dec-2025,C0626,Consumer,Chandigarh,Punjab,P046,PixelNest Smart Plug Pack,Electronics,Smart Devices,PixelNest,mobile app,UPI,1,"₹10,176.07","₹7,571.95",10%,₹0.00,08-Dec-2025,Y,13-Dec-2025,Wrong item,1,5%,
OL-003985,ORD-2025-02881,01-Dec-2025,C0786,Home Office,Madurai,Tamil Nadu,P065,DermaNest Vitamin C Serum,Beauty,Skin Care,DermaNest,WEBSITE,upi,2,"₹1,619.83",₹646.29,10%,₹0.00,06-Dec-2025,Not Returned,,,0,0%,5.0
OL-003996,ORD-2025-02890,29-Dec-2025,C0526,Corporate,Bhopal,Madhya Pradesh,P097,SkillLeaf Data Analytics Handbook,Books,Books,SkillLeaf,Website,Credit Card,1,₹692.82,₹249.11,0%,₹79.00,04-Jan-2026,no,,,0,0%,
OL-003997,ORD-2025-02890,29-Dec-2025,C0526,Corporate,Bhopal,Madhya Pradesh,P050,KitchenRoot Mixer Grinder,Home & Kitchen,Kitchen,KitchenRoot,Website,credit card,1,"₹3,211.13","₹2,042.70",10%,₹0.00,31-Dec-2025,no,,,0,0%,5.0
OL-003998,ORD-2025-02891,21-Dec-2025,C0818,Consumer,Ahmedabad,Gujarat,P028,SonicBay Soundbar Mini,Electronics,Audio,SonicBay,Marketplace,Credit Card,1,"₹12,167.11","₹7,220.21",5%,₹0.00,27-Dec-2025,No,,,0,0%,5.0
OL-004014,ORD-2025-02903,28-Dec-2025,C0343,Corporate,Amritsar,Punjab,P038,NexCharge Car Phone Mount,Electronics,Mobile Accessories,NexCharge,Website,Net Banking,4,₹655.60,₹340.28,20%,₹0.00,04-Jan-2026,yes,10-Jan-2026,Late Delivery,4,5%,2.0
OL-004015,ORD-2025-02903,28-Dec-2025,C0343,Corporate,Amritsar,Punjab,P059,CasaBloom Memory Foam Pillow,Home & Kitchen,Home Furnishing,CasaBloom,WEBSITE,net banking,1,"₹1,203.17",₹598.05,25%,₹49.00,03-Jan-2026,Not Returned,,,0,0%,
OL-004040,ORD-2025-02919,07-Dec-2025,C0688,Home Office,New Delhi,Delhi,P088,FitForge Core Slider Set,Sports,Fitness,FitForge,Offline Store,Upi,1,"₹4,743.81","₹2,278.33",15%,₹0.00,09-Dec-2025,Y,29-Dec-2025,wrong item,1,0%,1.0
OL-004044,ORD-2025-02923,17-Dec-2025,C0131,Consumer,Jodhpur,Rajasthan,P086,MoveMax Workout Gloves,Sports,Fitness,MoveMax,MARKETPLACE,COD,1,"₹4,097.15","₹1,613.19",5%,₹0.00,20-Dec-2025,N,,,0,0%,
OL-004045,ORD-2025-02924,30-Dec-2025,C0214,Consumer,Jaipur,Rajasthan,P030,VoltAudio Portable Speaker,Electronics,Audio,VoltAudio,Mobile App,debit card,2,"₹11,491.10","₹6,811.90",15%,₹0.00,02-Jan-2026,N,,,0,0%,3.0
OL-004050,ORD-2025-02928,17-Dec-2025,C0425,Home Office,Kolkata,West Bengal,P058,NestLoom Blackout Curtains,Home & Kitchen,Home Furnishing,NestLoom,Mobile App,UPI,1,"₹4,697.23","₹2,429.60",10%,₹0.00,20-Dec-2025,Not Returned,,,0,0%,
OL-004052,ORD-2025-02930,02-Dec-2025,C0600,Consumer,Siliguri,West Bengal,P068,DermaNest Night Repair Cream,Beauty,Skin Care,DermaNest,mobile app,wallet,1,₹993.15,₹376.87,20%,₹39.00,07-Dec-2025,Yes,27-Dec-2025,Product Not as Expected,1,0%,5.0
OL-004105,ORD-2025-02967,11-Dec-2025,C0123,Consumer,Coimbatore,Tamil Nadu,P101,BrightPage Modern Marketing Playbook,Books,Books,BrightPage,website,debit card,1,"₹1,277.89",₹460.56,20%,₹99.00,15-Dec-2025,No,,,0,0%,
OL-004110,ORD-2025-02972,04-Dec-2025,C0610,Consumer,Nashik,Maharashtra,P058,NestLoom Blackout Curtains,Home & Kitchen,Home Furnishing,NestLoom,mobile app,Cash on Delivery,2,"₹4,574.40","₹2,429.60",25%,₹0.00,06-Dec-2025,No,,,0,0%,
OL-004112,ORD-2025-02974,30-Dec-2025,C0771,Consumer,Warangal,Telangana,P067,DermaNest SPF 50 Sunscreen,Beauty,Skin Care,DermaNest,MOBILE APP,upi,1,"₹1,680.93",₹875.79,20%,₹59.00,04-Jan-2026,Not Returned,,,0,0%,4.0
OL-004113,ORD-2025-02974,30-Dec-2025,C0771,Consumer,Warangal,Telangana,P025,SonicBay Wireless Earbuds,Electronics,Audio,SonicBay,MOBILE APP,UPI,1,"₹7,013.29","₹4,853.62",30%,₹0.00,01-Jan-2026,N,,,0,0%,
OL-004121,ORD-2025-02980,17-Dec-2025,C0561,Consumer,Warangal,Telangana,P057,NestLoom Bedsheet Set,Home & Kitchen,Home Furnishing,NestLoom,Website,Net Banking,1,"₹3,507.76","₹1,790.83",0%,₹0.00,21-Dec-2025,N,,,0,0%,5.0
OL-004122,ORD-2025-02980,17-Dec-2025,C0561,Consumer,Warangal,Telangana,P026,SonicBay Bluetooth Speaker,Electronics,Audio,SonicBay,WEBSITE,net banking,1,"₹7,621.40","₹5,106.31",5%,₹0.00,20-Dec-2025,No,,,0,0%,5.0
OL-004125,ORD-2025-02983,10-Dec-2025,C0511,Consumer,Jodhpur,Rajasthan,P063,NestLoom Lightweight Comforter,Home & Kitchen,Home Furnishing,NestLoom,Website,UPI,1,"₹1,204.92",₹465.94,15%,₹59.00,14-Dec-2025,N,,,0,0%,
OL-004128,ORD-2025-02985,17-Dec-2025,C0505,Consumer,Mangaluru,Karnataka,P033,VoltEdge Fast Charging Adapter,Electronics,Mobile Accessories,VoltEdge,MOBILE APP,debit card,1,"₹3,184.98","₹1,702.67",20%,₹0.00,19-Dec-2025,N,,,0,0%,
OL-004132,ORD-2025-02988,05-Dec-2025,C0601,Consumer,Nashik,Maharashtra,P047,HomeSync Digital Photo Frame,Electronics,Smart Devices,HomeSync,Offline Store,Credit Card,1,"₹3,107.60","₹1,997.47",5%,₹0.00,07-Dec-2025,Not Returned,,,0,0%,
OL-004133,ORD-2025-02988,05-Dec-2025,C0601,Consumer,Nashik,Maharashtra,P037,NexCharge Wireless Charger,Electronics,Mobile Accessories,NexCharge,Offline Store,credit card,1,₹516.65,₹271.48,20%,₹0.00,05-Dec-2025,no,,,0,0%,
OL-004139,ORD-2025-02993,05-Dec-2025,C0142,Consumer,Amritsar,Punjab,P102,SkillLeaf Excel for Analysts,Books,Books,SkillLeaf,website,CREDIT CARD,1,₹715.76,₹201.89,20%,₹49.00,11-Dec-2025,No,,,0,0%,5.0
OL-004147,ORD-2025-02998,11-Dec-2025,C0428,Consumer,Siliguri,West Bengal,P069,PureGlow Niacinamide Serum,Beauty,Skin Care,PureGlow,MOBILE APP,Upi,2,₹773.39,₹337.59,10%,₹49.00,18-Dec-2025,Y,10-Jan-2026,Product Not as Expected,2,0%,1.0
OL-004152,ORD-2025-03003,05-Dec-2025,C0036,Corporate,New Delhi,Delhi,P097,SkillLeaf Data Analytics Handbook,Books,Books,SkillLeaf,WEBSITE,Debit Card,1,₹710.89,₹249.11,5%,₹79.00,13-Dec-2025,no,,,0,0%,5.0
OL-004180,ORD-2025-03026,05-Dec-2025,C0170,Consumer,New Delhi,Delhi,P097,SkillLeaf Data Analytics Handbook,Books,Books,SkillLeaf,mobile app,Upi,1,₹680.01,₹249.11,20%,₹39.00,11-Dec-2025,No,,,0,0%,4.0
OL-004182,ORD-2025-03028,30-Dec-2025,C0472,Consumer,Bhopal,Madhya Pradesh,P037,NexCharge Wireless Charger,Electronics,Mobile Accessories,NexCharge,Website,NET BANKING,1,₹519.12,₹271.48,20%,₹49.00,04-Jan-2026,no,,,0,0%,
OL-004187,ORD-2025-03032,06-Dec-2025,C0575,Consumer,Ahmedabad,Gujarat,P029,SonicBay Gaming Headset,Electronics,Audio,SonicBay,mobile app,UPI,2,"₹9,814.33","₹6,260.57",20%,₹0.00,12-Dec-2025,No,,,0,0%,
OL-004188,ORD-2025-03032,06-Dec-2025,C0575,Consumer,Ahmedabad,Gujarat,P012,AuraStyle Casual Top,Fashion,Women's Clothing,AuraStyle,mobile app,Upi,2,"₹2,464.39","₹1,247.93",15%,₹0.00,08-Dec-2025,Not Returned,,,0,0%,4.0
OL-004189,ORD-2025-03032,06-Dec-2025,C0575,Consumer,Ahmedabad,Gujarat,P013,MiraMode Knitted Cardigan,Fashion,Women's Clothing,MiraMode,Mobile App,UPI,1,"₹2,461.33","₹1,293.51",15%,₹79.00,10-Dec-2025,Yes,03-Jan-2026,wrong size,1,10%,5.0
OL-004190,ORD-2025-03033,31-Dec-2025,C0480,Corporate,Siliguri,West Bengal,P014,MiraMode Straight Fit Trousers,Fashion,Women's Clothing,MiraMode,Mobile App,WALLET,1,"₹2,209.08",₹955.33,15%,₹49.00,02-Jan-2026,Not Returned,,,0,0%,5.0
OL-004207,ORD-2025-03044,25-Dec-2025,C0197,Consumer,Jabalpur,Madhya Pradesh,P007,CivicWear Stretch Denim Jeans,Fashion,Men's Clothing,CivicWear,Marketplace,credit card,1,"₹3,247.75","₹1,748.24",25%,₹0.00,03-Jan-2026,Not Returned,,,0,0%,
OL-004208,ORD-2025-03044,25-Dec-2025,C0197,Consumer,Jabalpur,Madhya Pradesh,P003,UrbanThread Cotton Polo T-Shirt,Fashion,Men's Clothing,UrbanThread,Marketplace,Credit Card,1,"₹1,855.46","₹1,128.89",15%,₹79.00,29-Dec-2025,N,,,0,0%,
OL-004209,ORD-2025-03044,25-Dec-2025,C0197,Consumer,Jabalpur,Madhya Pradesh,P039,ConnectPro Screen Protector Pack,Electronics,Mobile Accessories,ConnectPro,marketplace,Credit Card,1,"₹2,717.74","₹1,872.80",30%,₹0.00,29-Dec-2025,Yes,11-Jan-2026,Wrong item,1,0%,
OL-004216,ORD-2025-03048,19-Dec-2025,C0144,Consumer,Jabalpur,Madhya Pradesh,P100,SkillLeaf The Productivity System,Books,Books,SkillLeaf,Marketplace,upi,1,₹569.44,₹247.93,20%,₹39.00,25-Dec-2025,N,,,0,0%,
OL-004219,ORD-2025-03050,01-Dec-2025,C0490,Consumer,Jabalpur,Madhya Pradesh,P059,CasaBloom Memory Foam Pillow,Home & Kitchen,Home Furnishing,CasaBloom,marketplace,UPI,2,"₹1,178.80",₹598.05,0%,₹59.00,07-Dec-2025,N,,,0,0%,
OL-004220,ORD-2025-03051,12-Dec-2025,C0222,Consumer,Thiruvananthapuram,Kerala,P018,StrideX Casual Loafers,Fashion,Footwear,StrideX,Marketplace,UPI,1,"₹3,373.53","₹1,816.29",30%,₹0.00,17-Dec-2025,yes,25-Dec-2025,Wrong size,1,5%,
OL-004229,ORD-2025-03056,24-Dec-2025,C0060,Consumer,Amritsar,Punjab,P003,UrbanThread Cotton Polo T-Shirt,Fashion,Men's Clothing,UrbanThread,Mobile App,Credit Card,1,"₹1,925.91","₹1,128.89",10%,₹79.00,30-Dec-2025,yes,11-Jan-2026,Changed Mind,1,5%,
OL-004235,ORD-2025-03060,23-Dec-2025,C0798,Consumer,Siliguri,West Bengal,P023,AeroStep Slip-On Sneakers,Fashion,Footwear,AeroStep,Mobile App,Upi,1,"₹3,898.35","₹2,443.63",15%,₹0.00,29-Dec-2025,Not Returned,,,0,0%,5.0
OL-004240,ORD-2025-03065,11-Dec-2025,C0429,Consumer,Ludhiana,Punjab,P012,AuraStyle Casual Top,Fashion,Women's Clothing,AuraStyle,Website,CREDIT CARD,1,"₹2,603.18","₹1,247.93",30%,₹0.00,17-Dec-2025,N,,,0,0%,
OL-004241,ORD-2025-03065,11-Dec-2025,C0429,Consumer,Ludhiana,Punjab,P091,TrailPeak Camping Lantern,Sports,Outdoor,TrailPeak,website,CREDIT CARD,2,"₹3,662.67","₹2,114.07",20%,₹0.00,16-Dec-2025,no,,,0,0%,5.0
OL-004242,ORD-2025-03065,11-Dec-2025,C0429,Consumer,Ludhiana,Punjab,P100,SkillLeaf The Productivity System,Books,Books,SkillLeaf,WEBSITE,CREDIT CARD,1,₹571.37,₹247.93,30%,₹39.00,15-Dec-2025,No,,,0,0%,
OL-004243,ORD-2025-03066,15-Dec-2025,C0294,Corporate,Kozhikode,Kerala,P054,HomeFlame Sandwich Maker,Home & Kitchen,Kitchen,HomeFlame,WEBSITE,DEBIT CARD,1,"₹9,225.00","₹6,033.47",15%,₹0.00,19-Dec-2025,Not Returned,,,0,0%,5.0
OL-004244,ORD-2025-03066,15-Dec-2025,C0294,Corporate,Kozhikode,Kerala,P023,AeroStep Slip-On Sneakers,Fashion,Footwear,AeroStep,WEBSITE,DEBIT CARD,2,"₹3,941.98","₹2,443.63",5%,₹0.00,18-Dec-2025,no,,,0,0%,
OL-004251,ORD-2025-03073,06-Dec-2025,C0850,Corporate,New Delhi,Delhi,P064,CasaBloom Table Runner Set,Home & Kitchen,Home Furnishing,CasaBloom,OFFLINE STORE,credit card,3,"₹2,560.41","₹1,522.07",5%,₹0.00,09-Dec-2025,N,,,0,0%,
OL-004260,ORD-2025-03081,03-Dec-2025,C0007,Corporate,Mysuru,Karnataka,P047,HomeSync Digital Photo Frame,Electronics,Smart Devices,HomeSync,OFFLINE STORE,DEBIT CARD,1,"₹3,147.34","₹1,997.47",15%,₹0.00,03-Dec-2025,Not Returned,,,0,0%,
OL-004273,ORD-2025-03091,14-Dec-2025,C0055,Consumer,New Delhi,Delhi,P017,StrideX Running Sneakers,Fashion,Footwear,StrideX,WEBSITE,CREDIT CARD,2,"₹4,350.19","₹2,445.58",20%,₹0.00,19-Dec-2025,yes,11-Jan-2026,Wrong size,2,10%,
OL-004279,ORD-2025-03097,15-Dec-2025,C0258,Corporate,Coimbatore,Tamil Nadu,P032,SonicBay Studio Headphones,Electronics,Audio,SonicBay,marketplace,CREDIT CARD,1,"₹1,448.31","₹1,085.23",15%,₹39.00,20-Dec-2025,yes,13-Jan-2026,Defective product,1,0%,2.0
