Order_Line_ID,Order_ID,Order_Date,Customer_ID,Customer_Segment,Customer_City,Customer_State,Product_ID,Product_Name,Category,Subcategory,Brand,Sales_Channel,Payment_Method,Quantity,Unit_Price,Unit_Cost,Discount_Pct,Shipping_Fee,Delivery_Date,Return_Flag,Return_Date,Return_Reason,Return_Quantity,Refund_Deduction_Pct,Product_Rating
OL-000002,ORD-2025-00002,13-Nov-2025,C0154,Corporate,Surat,Gujarat,P102,SkillLeaf Excel for Analysts,Books,Books,SkillLeaf,Website,UPI,1,₹654.26,₹201.89,25%,₹59.00,17-Nov-2025,no,,,0,0%,5.0
OL-000003,ORD-2025-00003,20-Nov-2025,C0449,Home Office,Ludhiana,Punjab,P063,NestLoom Lightweight Comforter,Home & Kitchen,Home Furnishing,NestLoom,Marketplace,UPI,1,"₹1,240.68",₹465.94,25%,₹99.00,24-Nov-2025,N,,,0,0%,
OL-000016,ORD-2025-00015,04-Nov-2025,C0424,Consumer,Ahmedabad,Gujarat,P101,BrightPage Modern Marketing Playbook,Books,Books,BrightPage,Website,Credit Card,1,"₹1,319.50",₹460.56,20%,₹49.00,09-Nov-2025,no,,,0,0%,4.0
OL-000017,ORD-2025-00015,04-Nov-2025,C0424,Consumer,Ahmedabad,Gujarat,P081,FitForge Yoga Mat,Sports,Fitness,FitForge,website,CREDIT CARD,1,"₹7,082.16","₹3,978.89",15%,₹0.00,09-Nov-2025,Returned,30-Nov-2025,wrong item,1,0%,2.0
OL-000018,ORD-2025-00015,04-Nov-2025,C0424,Consumer,Ahmedabad,Gujarat,P037,NexCharge Wireless Charger,Electronics,Mobile Accessories,NexCharge,website,CREDIT CARD,2,₹521.96,₹271.48,20%,₹49.00,10-Nov-2025,No,,,0,0%,
OL-000040,ORD-2025-00031,09-Nov-2025,C0142,Consumer,Amritsar,Punjab,P088,FitForge Core Slider Set,Sports,Fitness,FitForge,Marketplace,DEBIT CARD,1,"₹4,856.21","₹2,278.33",5%,₹0.00,15-Nov-2025,yes,24-Nov-2025,Not As Expected,1,0%,4.0
OL-000060,ORD-2025-00048,28-Nov-2025,C0478,Consumer,New Delhi,Delhi,P090,WildRoute Insulated Water Bottle,Sports,Outdoor,WildRoute,Mobile App,UPI,2,"₹1,974.21",₹949.59,20%,₹0.00,03-Dec-2025,no,,,0,0%,
OL-000061,ORD-2025-00048,28-Nov-2025,C0478,Consumer,New Delhi,Delhi,P078,GroomLab Facial Cleansing Brush,Beauty,Personal Care,GroomLab,Mobile App,UPI,1,"₹6,151.06","₹2,730.99",20%,₹0.00,04-Dec-2025,yes,30-Dec-2025,wrong item,1,0%,1.0
OL-000100,ORD-2025-00077,29-Nov-2025,C0109,Corporate,Jabalpur,Madhya Pradesh,P004,UrbanThread Casual Chinos,Fashion,Men's Clothing,UrbanThread,Website,NET BANKING,1,"₹2,516.86","₹1,378.10",30%,₹0.00,03-Dec-2025,No,,,0,0%,4.0
OL-000106,ORD-2025-00081,09-Nov-2025,C0097,Consumer,Kanpur,Uttar Pradesh,P060,SoftHaven Cotton Towel Set,Home & Kitchen,Home Furnishing,SoftHaven,Mobile App,UPI,4,"₹1,911.41",₹789.33,20%,₹0.00,14-Nov-2025,No,,,0,0%,
OL-000117,ORD-2025-00087,12-Nov-2025,C0686,Consumer,Kochi,Kerala,P079,GlowEase Hair Styling Brush,Beauty,Personal Care,GlowEase,Mobile App,Cash on Delivery,3,"₹4,611.85","₹2,198.07",25%,₹0.00,13-Nov-2025,no,,,0,0%,5.0
OL-000126,ORD-2025-00095,15-Nov-2025,C0360,Consumer,Chennai,Tamil Nadu,P035,VoltEdge USB-C Cable Pack,Electronics,Mobile Accessories,VoltEdge,Website,net banking,1,"₹1,653.49","₹1,086.77",20%,₹39.00,22-Nov-2025,Yes,09-Dec-2025,Damaged Product,1,0%,2.0
OL-000127,ORD-2025-00095,15-Nov-2025,C0360,Consumer,Chennai,Tamil Nadu,P057,NestLoom Bedsheet Set,Home & Kitchen,Home Furnishing,NestLoom,WEBSITE,NET BANKING,2,"₹3,655.20","₹1,790.83",20%,₹0.00,20-Nov-2025,No,,,0,0%,
OL-000128,ORD-2025-00095,15-Nov-2025,C0360,Consumer,Chennai,Tamil Nadu,P023,AeroStep Slip-On Sneakers,Fashion,Footwear,AeroStep,Website,NET BANKING,1,"₹3,858.76","₹2,443.63",10%,₹0.00,17-Nov-2025,N,,,0,0%,2.0
OL-000149,ORD-2025-00106,28-Nov-2025,C0641,Corporate,Kochi,Kerala,P067,DermaNest SPF 50 Sunscreen,Beauty,Skin Care,DermaNest,Offline Store,Cash,1,"₹1,746.91",₹875.79,25%,₹0.00,29-Nov-2025,no,,,0,0%,4.0
OL-000150,ORD-2025-00106,28-Nov-2025,C0641,Corporate,Kochi,Kerala,P052,CookCraft Storage Container Set,Home & Kitchen,Kitchen,CookCraft,offline store,cash,1,"₹4,491.76","₹2,633.10",5%,₹0.00,30-Nov-2025,N,,,0,0%,5.0
OL-000154,ORD-2025-00110,10-Nov-2025,C0364,Corporate,Mangaluru,Karnataka,P098,BrightPage Personal Finance Basics,Books,Books,BrightPage,Website,net banking,1,"₹1,179.38",₹379.22,10%,₹49.00,14-Nov-2025,yes,17-Nov-2025,wrong item,1,0%,
OL-000161,ORD-2025-00116,21-Nov-2025,C0176,Consumer,Mangaluru,Karnataka,P042,PixelNest Fitness Band,Electronics,Smart Devices,PixelNest,WEBSITE,UPI,2,"₹5,337.64","₹3,685.96",20%,₹0.00,26-Nov-2025,No,,,0,0%,5.0
OL-000170,ORD-2025-00121,24-Nov-2025,C0821,Corporate,New Delhi,Delhi,P060,SoftHaven Cotton Towel Set,Home & Kitchen,Home Furnishing,SoftHaven,marketplace,Upi,1,"₹1,937.06",₹789.33,10%,₹79.00,01-Dec-2025,No,,,0,0%,
OL-000171,ORD-2025-00121,24-Nov-2025,C0821,Corporate,New Delhi,Delhi,P037,NexCharge Wireless Charger,Electronics,Mobile Accessories,NexCharge,Marketplace,Upi,1,₹541.28,₹271.48,20%,₹39.00,02-Dec-2025,Not Returned,,,0,0%,4.0
OL-000180,ORD-2025-00129,21-Nov-2025,C0777,Consumer,Nagpur,Maharashtra,P035,VoltEdge USB-C Cable Pack,Electronics,Mobile Accessories,VoltEdge,Offline Store,Cash,1,"₹1,659.68","₹1,086.77",5%,₹0.00,22-Nov-2025,Not Returned,,,0,0%,3.0
OL-000181,ORD-2025-00130,13-Nov-2025,C0305,Corporate,Jodhpur,Rajasthan,P088,FitForge Core Slider Set,Sports,Fitness,FitForge,MARKETPLACE,CREDIT CARD,2,"₹4,927.24","₹2,278.33",5%,₹0.00,16-Nov-2025,No,,,0,0%,
OL-000182,ORD-2025-00130,13-Nov-2025,C0305,Corporate,Jodhpur,Rajasthan,P030,VoltAudio Portable Speaker,Electronics,Audio,VoltAudio,Marketplace,Credit Card,1,"₹11,436.26","₹6,811.90",20%,₹0.00,19-Nov-2025,Not Returned,,,0,0%,5.0
OL-000186,ORD-2025-00133,25-Nov-2025,C0560,Consumer,Kanpur,Uttar Pradesh,P049,HomeFlame Non-Stick Cookware Set,Home & Kitchen,Kitchen,HomeFlame,Marketplace,Cash on Delivery,1,"₹9,423.07","₹6,307.48",20%,₹0.00,04-Dec-2025,no,,,0,0%,4.0
OL-000190,ORD-2025-00136,25-Nov-2025,C0497,Home Office,Madurai,Tamil Nadu,P010,AuraStyle High Rise Jeans,Fashion,Women's Clothing,AuraStyle,Mobile App,Cash on Delivery,1,"₹1,612.16",₹619.70,25%,₹99.00,29-Nov-2025,No,,,0,0%,
OL-000208,ORD-2025-00149,27-Nov-2025,C0572,Consumer,Amritsar,Punjab,P013,MiraMode Knitted Cardigan,Fashion,Women's Clothing,MiraMode,MARKETPLACE,CREDIT CARD,1,"₹2,295.14","₹1,293.51",10%,₹99.00,05-Dec-2025,Yes,28-Dec-2025,quality issue,1,5%,1.0
OL-000212,ORD-2025-00153,19-Nov-2025,C0484,Consumer,Kolkata,West Bengal,P017,StrideX Running Sneakers,Fashion,Footwear,StrideX,Marketplace,UPI,1,"₹4,284.94","₹2,445.58",20%,₹0.00,26-Nov-2025,yes,03-Dec-2025,Wrong item,1,0%,
OL-000226,ORD-2025-00161,21-Nov-2025,C0222,Consumer,Thiruvananthapuram,Kerala,P040,VoltEdge Travel Adapter,Electronics,Mobile Accessories,VoltEdge,Website,DEBIT CARD,1,₹839.52,₹555.01,15%,₹59.00,24-Nov-2025,no,,,0,0%,4.0
OL-000227,ORD-2025-00162,23-Nov-2025,C0606,Consumer,Coimbatore,Tamil Nadu,P077,GlowEase Grooming Kit,Beauty,Personal Care,GlowEase,website,upi,1,"₹1,619.73",₹726.50,5%,₹79.00,29-Nov-2025,No,,,0,0%,5.0
OL-000228,ORD-2025-00162,23-Nov-2025,C0606,Consumer,Coimbatore,Tamil Nadu,P084,FitForge Skipping Rope,Sports,Fitness,FitForge,Website,UPI,1,₹665.93,₹296.67,30%,₹49.00,30-Nov-2025,no,,,0,0%,
OL-000236,ORD-2025-00169,23-Nov-2025,C0599,Corporate,Jaipur,Rajasthan,P023,AeroStep Slip-On Sneakers,Fashion,Footwear,AeroStep,mobile app,credit card,1,"₹3,864.02","₹2,443.63",25%,₹0.00,26-Nov-2025,N,,,0,0%,
OL-000249,ORD-2025-00179,21-Nov-2025,C0586,Home Office,Siliguri,West Bengal,P051,KitchenRoot Electric Kettle,Home & Kitchen,Kitchen,KitchenRoot,Website,Credit Card,4,"₹7,238.50","₹4,395.70",30%,₹0.00,24-Nov-2025,no,,,0,0%,5.0
OL-000260,ORD-2025-00190,28-Nov-2025,C0653,Corporate,Kolkata,West Bengal,P100,SkillLeaf The Productivity System,Books,Books,SkillLeaf,Website,Upi,2,₹554.46,₹247.93,25%,₹49.00,03-Dec-2025,no,,,0,0%,4.0
OL-000261,ORD-2025-00190,28-Nov-2025,C0653,Corporate,Kolkata,West Bengal,P003,UrbanThread Cotton Polo T-Shirt,Fashion,Men's Clothing,UrbanThread,website,upi,3,"₹1,853.30","₹1,128.89",25%,₹0.00,03-Dec-2025,no,,,0,0%,
OL-000285,ORD-2025-00206,05-Nov-2025,C0011,Consumer,Kozhikode,Kerala,P101,BrightPage Modern Marketing Playbook,Books,Books,BrightPage,WEBSITE,CREDIT CARD,1,"₹1,343.32",₹460.56,10%,₹39.00,11-Nov-2025,Not Returned,,,0,0%,5.0
OL-000303,ORD-2025-00218,17-Nov-2025,C0823,Consumer,New Delhi,Delhi,P018,StrideX Casual Loafers,Fashion,Footwear,StrideX,WEBSITE,UPI,2,"₹3,425.15","₹1,816.29",15%,₹0.00,21-Nov-2025,No,,,0,0%,4.0
OL-000304,ORD-2025-00218,17-Nov-2025,C0823,Consumer,New Delhi,Delhi,P045,PixelNest Streaming Stick,Electronics,Smart Devices,PixelNest,WEBSITE,UPI,1,"₹5,133.13","₹4,170.85",10%,₹0.00,20-Nov-2025,Not Returned,,,0,0%,
OL-000305,ORD-2025-00218,17-Nov-2025,C0823,Consumer,New Delhi,Delhi,P027,PulseTech Over-Ear Headphones,Electronics,Audio,PulseTech,WEBSITE,upi,1,"₹11,882.43","₹8,206.05",10%,₹0.00,22-Nov-2025,Returned,09-Dec-2025,damaged product,1,0%,1.0
OL-000310,ORD-2025-00222,17-Nov-2025,C0105,Corporate,Hyderabad,Telangana,P091,TrailPeak Camping Lantern,Sports,Outdoor,TrailPeak,MARKETPLACE,upi,1,"₹3,390.31","₹2,114.07",15%,₹0.00,20-Nov-2025,Returned,08-Dec-2025,Product Not as Expected,1,0%,
OL-000326,ORD-2025-00235,17-Nov-2025,C0348,Consumer,Kochi,Kerala,P102,SkillLeaf Excel for Analysts,Books,Books,SkillLeaf,Marketplace,upi,2,₹689.13,₹201.89,5%,₹49.00,23-Nov-2025,Not Returned,,,0,0%,
OL-000348,ORD-2025-00251,27-Nov-2025,C0076,Home Office,Siliguri,West Bengal,P013,MiraMode Knitted Cardigan,Fashion,Women's Clothing,MiraMode,WEBSITE,UPI,1,"₹2,447.55","₹1,293.51",10%,₹39.00,02-Dec-2025,Y,18-Dec-2025,Wrong size,1,0%,
OL-000374,ORD-2025-00274,20-Nov-2025,C0698,Corporate,Jodhpur,Rajasthan,P042,PixelNest Fitness Band,Electronics,Smart Devices,PixelNest,offline store,CREDIT CARD,1,"₹5,330.43","₹3,685.96",20%,₹0.00,21-Nov-2025,No,,,0,0%,5.0
OL-000378,ORD-2025-00277,05-Nov-2025,C0003,Consumer,Pune,Maharashtra,P037,NexCharge Wireless Charger,Electronics,Mobile Accessories,NexCharge,WEBSITE,UPI,2,₹510.28,₹271.48,20%,₹99.00,11-Nov-2025,Yes,17-Nov-2025,Product Not as Expected,2,0%,5.0
OL-000379,ORD-2025-00277,05-Nov-2025,C0003,Consumer,Pune,Maharashtra,P019,AeroStep Walking Shoes,Fashion,Footwear,AeroStep,Website,Upi,3,"₹1,100.72",₹531.47,30%,₹0.00,08-Nov-2025,no,,,0,0%,4.0
OL-000397,ORD-2025-00292,06-Nov-2025,C0341,Consumer,Warangal,Telangana,P052,CookCraft Storage Container Set,Home & Kitchen,Kitchen,CookCraft,MARKETPLACE,upi,1,"₹4,506.87","₹2,633.10",10%,₹0.00,13-Nov-2025,no,,,0,0%,
OL-000398,ORD-2025-00292,06-Nov-2025,C0341,Consumer,Warangal,Telangana,P037,NexCharge Wireless Charger,Electronics,Mobile Accessories,NexCharge,Marketplace,UPI,2,₹515.07,₹271.48,30%,₹59.00,16-Nov-2025,Returned,27-Nov-2025,Damaged Product,2,0%,2.0
OL-000411,ORD-2025-00299,07-Nov-2025,C0195,Corporate,Jabalpur,Madhya Pradesh,P021,FootNest Block Heel Sandals,Fashion,Footwear,FootNest,marketplace,Upi,4,"₹4,225.63","₹2,846.55",15%,₹0.00,10-Nov-2025,No,,,0,0%,5.0
OL-000415,ORD-2025-00303,29-Nov-2025,C0140,Consumer,Hyderabad,Telangana,P021,FootNest Block Heel Sandals,Fashion,Footwear,FootNest,WEBSITE,Upi,1,"₹4,214.54","₹2,846.55",10%,₹0.00,02-Dec-2025,no,,,0,0%,5.0
OL-000444,ORD-2025-00322,27-Nov-2025,C0402,Consumer,Ahmedabad,Gujarat,P098,BrightPage Personal Finance Basics,Books,Books,BrightPage,mobile app,Debit Card,1,"₹1,281.65",₹379.22,15%,₹99.00,02-Dec-2025,yes,24-Dec-2025,Damaged Product,1,0%,2.0
OL-000445,ORD-2025-00322,27-Nov-2025,C0402,Consumer,Ahmedabad,Gujarat,P018,StrideX Casual Loafers,Fashion,Footwear,StrideX,Mobile App,DEBIT CARD,2,"₹3,170.93","₹1,816.29",20%,₹0.00,30-Nov-2025,No,,,0,0%,4.0
OL-000470,ORD-2025-00342,07-Nov-2025,C0042,Consumer,New Delhi,Delhi,P070,PureGlow Body Lotion,Beauty,Skin Care,PureGlow,WEBSITE,Credit Card,1,"₹2,325.07",₹835.56,15%,₹79.00,12-Nov-2025,N,,,0,0%,
OL-000471,ORD-2025-00343,24-Nov-2025,C0205,Consumer,Kanpur,Uttar Pradesh,P068,DermaNest Night Repair Cream,Beauty,Skin Care,DermaNest,Website,UPI,1,"₹1,072.31",₹376.87,5%,₹99.00,01-Dec-2025,Y,03-Dec-2025,Quality Issue,1,0%,
OL-000472,ORD-2025-00343,24-Nov-2025,C0205,Consumer,Kanpur,Uttar Pradesh,P103,InsightPress SQL Practice Workbook,Books,Books,InsightPress,Website,UPI,1,₹900.22,₹330.48,30%,₹49.00,01-Dec-2025,Not Returned,,,0,0%,4.0
OL-000484,ORD-2025-00352,07-Nov-2025,C0604,Corporate,New Delhi,Delhi,P018,StrideX Casual Loafers,Fashion,Footwear,StrideX,Website,Debit Card,3,"₹3,275.66","₹1,816.29",5%,₹0.00,13-Nov-2025,no,,,0,0%,
OL-000488,ORD-2025-00356,03-Nov-2025,C0283,Consumer,Hyderabad,Telangana,P064,CasaBloom Table Runner Set,Home & Kitchen,Home Furnishing,CasaBloom,Mobile App,UPI,1,"₹2,546.35","₹1,522.07",10%,₹0.00,06-Nov-2025,Y,27-Nov-2025,wrong item,1,0%,4.0
OL-000505,ORD-2025-00369,20-Nov-2025,C0356,Consumer,Ahmedabad,Gujarat,P044,OrbitSmart Smart LED Bulb Pack,Electronics,Smart Devices,OrbitSmart,Mobile App,COD,2,"₹3,663.75","₹2,279.34",10%,₹0.00,25-Nov-2025,Not Returned,,,0,0%,5.0
OL-000506,ORD-2025-00369,20-Nov-2025,C0356,Consumer,Ahmedabad,Gujarat,P032,SonicBay Studio Headphones,Electronics,Audio,SonicBay,Mobile App,Cash on Delivery,1,"₹1,530.33","₹1,085.23",15%,₹59.00,27-Nov-2025,No,,,0,0%,
OL-000511,ORD-2025-00373,16-Nov-2025,C0263,Consumer,Jabalpur,Madhya Pradesh,P101,BrightPage Modern Marketing Playbook,Books,Books,BrightPage,Website,upi,2,"₹1,351.46",₹460.56,15%,₹0.00,20-Nov-2025,N,,,0,0%,5.0
OL-000528,ORD-2025-00383,09-Nov-2025,C0131,Consumer,Jodhpur,Rajasthan,P003,UrbanThread Cotton Polo T-Shirt,Fashion,Men's Clothing,UrbanThread,MARKETPLACE,WALLET,2,"₹1,762.16","₹1,128.89",30%,₹0.00,19-Nov-2025,N,,,0,0%,
OL-000529,ORD-2025-00383,09-Nov-2025,C0131,Consumer,Jodhpur,Rajasthan,P057,NestLoom Bedsheet Set,Home & Kitchen,Home Furnishing,NestLoom,marketplace,WALLET,3,"₹3,533.80","₹1,790.83",10%,₹0.00,15-Nov-2025,No,,,0,0%,
OL-000530,ORD-2025-00384,08-Nov-2025,C0510,Home Office,Indore,Madhya Pradesh,P035,VoltEdge USB-C Cable Pack,Electronics,Mobile Accessories,VoltEdge,MARKETPLACE,Debit Card,3,"₹1,512.19","₹1,086.77",10%,₹0.00,13-Nov-2025,N,,,0,0%,4.0
OL-000537,ORD-2025-00389,27-Nov-2025,C0341,Consumer,Warangal,Telangana,P060,SoftHaven Cotton Towel Set,Home & Kitchen,Home Furnishing,SoftHaven,Mobile App,Debit Card,3,"₹2,083.25",₹789.33,30%,₹0.00,02-Dec-2025,N,,,0,0%,
OL-000545,ORD-2025-00395,27-Nov-2025,C0389,Corporate,Chandigarh,Punjab,P074,GlowEase Trimmer Kit,Beauty,Personal Care,GlowEase,Offline Store,debit card,1,"₹1,965.56","₹1,072.86",20%,₹0.00,29-Nov-2025,Not Returned,,,0,0%,4.0
OL-000557,ORD-2025-00403,14-Nov-2025,C0601,Consumer,Nashik,Maharashtra,P009,VelvetLeaf Floral Midi Dress,Fashion,Women's Clothing,VelvetLeaf,website,credit card,1,"₹1,803.96","₹1,003.66",10%,₹79.00,21-Nov-2025,No,,,0,0%,
OL-000558,ORD-2025-00403,14-Nov-2025,C0601,Consumer,Nashik,Maharashtra,P056,CookCraft Hand Blender,Home & Kitchen,Kitchen,CookCraft,WEBSITE,CREDIT CARD,3,"₹11,292.52","₹6,467.93",15%,₹0.00,17-Nov-2025,N,,,0,0%,
OL-000575,ORD-2025-00413,27-Nov-2025,C0364,Corporate,Mangaluru,Karnataka,P014,MiraMode Straight Fit Trousers,Fashion,Women's Clothing,MiraMode,Mobile App,upi,3,"₹2,343.84",₹955.33,20%,₹0.00,02-Dec-2025,No,,,0,0%,
OL-000576,ORD-2025-00413,27-Nov-2025,C0364,Corporate,Mangaluru,Karnataka,P099,InsightPress Business Storytelling,Books,Books,InsightPress,mobile app,upi,1,"₹1,085.56",₹450.46,25%,₹49.00,01-Dec-2025,Not Returned,,,0,0%,2.0
OL-000577,ORD-2025-00413,27-Nov-2025,C0364,Corporate,Mangaluru,Karnataka,P028,SonicBay Soundbar Mini,Electronics,Audio,SonicBay,Mobile App,UPI,1,"₹11,981.52","₹7,220.21",10%,₹0.00,03-Dec-2025,Not Returned,,,0,0%,5.0
OL-000579,ORD-2025-00415,03-Nov-2025,C0356,Consumer,Ahmedabad,Gujarat,P096,WildRoute Compact Binoculars,Sports,Outdoor,WildRoute,MARKETPLACE,COD,2,"₹4,784.73","₹2,906.69",5%,₹0.00,11-Nov-2025,Not Returned,,,0,0%,5.0
OL-000609,ORD-2025-00438,12-Nov-2025,C0262,Corporate,Udaipur,Rajasthan,P016,VelvetLeaf Everyday Leggings,Fashion,Women's Clothing,VelvetLeaf,WEBSITE,UPI,1,"₹2,684.41","₹1,495.61",10%,₹0.00,16-Nov-2025,N,,,0,0%,
OL-000610,ORD-2025-00438,12-Nov-2025,C0262,Corporate,Udaipur,Rajasthan,P045,PixelNest Streaming Stick,Electronics,Smart Devices,PixelNest,WEBSITE,upi,1,"₹5,154.13","₹4,170.85",10%,₹0.00,16-Nov-2025,yes,26-Nov-2025,Defective Product,1,0%,
OL-000612,ORD-2025-00440,07-Nov-2025,C0050,Corporate,Vadodara,Gujarat,P009,VelvetLeaf Floral Midi Dress,Fashion,Women's Clothing,VelvetLeaf,Mobile App,DEBIT CARD,1,"₹1,763.98","₹1,003.66",5%,₹99.00,09-Nov-2025,No,,,0,0%,5.0
OL-000633,ORD-2025-00456,14-Nov-2025,C0368,Consumer,Chennai,Tamil Nadu,P084,FitForge Skipping Rope,Sports,Fitness,FitForge,Marketplace,Cash on Delivery,1,₹683.70,₹296.67,15%,₹79.00,19-Nov-2025,No,,,0,0%,5.0
OL-000649,ORD-2025-00468,25-Nov-2025,C0282,Corporate,Noida,Uttar Pradesh,P099,InsightPress Business Storytelling,Books,Books,InsightPress,MOBILE APP,CREDIT CARD,2,"₹1,082.29",₹450.46,20%,₹59.00,28-Nov-2025,no,,,0,0%,
OL-000661,ORD-2025-00477,10-Nov-2025,C0766,Consumer,Chennai,Tamil Nadu,P069,PureGlow Niacinamide Serum,Beauty,Skin Care,PureGlow,MARKETPLACE,DEBIT CARD,2,₹757.84,₹337.59,10%,₹79.00,17-Nov-2025,no,,,0,0%,5.0
OL-000669,ORD-2025-00482,06-Nov-2025,C0796,Consumer,Kanpur,Uttar Pradesh,P010,AuraStyle High Rise Jeans,Fashion,Women's Clothing,AuraStyle,WEBSITE,UPI,1,"₹1,501.14",₹619.70,25%,₹79.00,11-Nov-2025,Not Returned,,,0,0%,3.0
OL-000688,ORD-2025-00496,08-Nov-2025,C0346,Corporate,Chennai,Tamil Nadu,P060,SoftHaven Cotton Towel Set,Home & Kitchen,Home Furnishing,SoftHaven,offline store,upi,2,"₹2,098.33",₹789.33,15%,₹0.00,09-Nov-2025,Yes,23-Nov-2025,Damaged Product,2,0%,2.0
OL-000690,ORD-2025-00498,18-Nov-2025,C0551,Consumer,Mangaluru,Karnataka,P033,VoltEdge Fast Charging Adapter,Electronics,Mobile Accessories,VoltEdge,Website,UPI,1,"₹3,361.20","₹1,702.67",20%,₹0.00,24-Nov-2025,N,,,0,0%,5.0
OL-000691,ORD-2025-00498,18-Nov-2025,C0551,Consumer,Mangaluru,Karnataka,P031,VoltAudio Neckband Earphones,Electronics,Audio,VoltAudio,Website,upi,1,"₹5,601.45","₹3,467.28",25%,₹0.00,22-Nov-2025,N,,,0,0%,
OL-000697,ORD-2025-00503,16-Nov-2025,C0779,Consumer,Kolkata,West Bengal,P081,FitForge Yoga Mat,Sports,Fitness,FitForge,mobile app,UPI,1,"₹7,197.04","₹3,978.89",25%,₹0.00,19-Nov-2025,no,,,0,0%,
OL-000698,ORD-2025-00503,16-Nov-2025,C0779,Consumer,Kolkata,West Bengal,P027,PulseTech Over-Ear Headphones,Electronics,Audio,PulseTech,mobile app,UPI,1,"₹12,459.56","₹8,206.05",15%,₹0.00,21-Nov-2025,no,,,0,0%,5.0
OL-000721,ORD-2025-00519,29-Nov-2025,C0607,Consumer,Jaipur,Rajasthan,P063,NestLoom Lightweight Comforter,Home & Kitchen,Home Furnishing,NestLoom,marketplace,WALLET,1,"₹1,154.22",₹465.94,20%,₹59.00,04-Dec-2025,N,,,0,0%,
OL-000723,ORD-2025-00521,03-Nov-2025,C0194,Consumer,New Delhi,Delhi,P102,SkillLeaf Excel for Analysts,Books,Books,SkillLeaf,Offline Store,CREDIT CARD,3,₹716.60,₹201.89,20%,₹0.00,03-Nov-2025,N,,,0,0%,5.0
OL-000725,ORD-2025-00523,10-Nov-2025,C0092,Consumer,Kochi,Kerala,P063,NestLoom Lightweight Comforter,Home & Kitchen,Home Furnishing,NestLoom,WEBSITE,UPI,1,"₹1,175.59",₹465.94,15%,₹99.00,14-Nov-2025,N,,,0,0%,5.0
OL-000736,ORD-2025-00531,25-Nov-2025,C0705,Corporate,Mysuru,Karnataka,P074,GlowEase Trimmer Kit,Beauty,Personal Care,GlowEase,Mobile App,upi,1,"₹2,050.65","₹1,072.86",25%,₹99.00,30-Nov-2025,No,,,0,0%,
OL-000737,ORD-2025-00531,25-Nov-2025,C0705,Corporate,Mysuru,Karnataka,P075,GroomLab Hair Straightener,Beauty,Personal Care,GroomLab,Mobile App,Upi,1,"₹3,381.73","₹1,901.20",20%,₹0.00,01-Dec-2025,no,,,0,0%,
OL-000742,ORD-2025-00536,13-Nov-2025,C0550,Consumer,New Delhi,Delhi,P025,SonicBay Wireless Earbuds,Electronics,Audio,SonicBay,mobile app,Credit Card,2,"₹7,015.91","₹4,853.62",15%,₹0.00,18-Nov-2025,no,,,0,0%,4.0
OL-000767,ORD-2025-00553,26-Nov-2025,C0850,Corporate,New Delhi,Delhi,P098,BrightPage Personal Finance Basics,Books,Books,BrightPage,Website,Credit Card,2,"₹1,268.02",₹379.22,20%,₹0.00,29-Nov-2025,Not Returned,,,0,0%,
OL-000774,ORD-2025-00559,21-Nov-2025,C0224,Home Office,Kanpur,Uttar Pradesh,P018,StrideX Casual Loafers,Fashion,Footwear,StrideX,Marketplace,Credit Card,1,"₹3,158.04","₹1,816.29",10%,₹0.00,25-Nov-2025,yes,28-Nov-2025,Changed Mind,1,10%,3.0
OL-000775,ORD-2025-00560,29-Nov-2025,C0659,Consumer,Madurai,Tamil Nadu,P007,CivicWear Stretch Denim Jeans,Fashion,Men's Clothing,CivicWear,MOBILE APP,CREDIT CARD,1,"₹3,123.77","₹1,748.24",0%,₹0.00,01-Dec-2025,no,,,0,0%,3.0
OL-000776,ORD-2025-00560,29-Nov-2025,C0659,Consumer,Madurai,Tamil Nadu,P101,BrightPage Modern Marketing Playbook,Books,Books,BrightPage,Mobile App,Credit Card,1,"₹1,259.36",₹460.56,15%,₹39.00,03-Dec-2025,no,,,0,0%,
OL-000777,ORD-2025-00560,29-Nov-2025,C0659,Consumer,Madurai,Tamil Nadu,P011,MiraMode Cotton Kurta Set,Fashion,Women's Clothing,MiraMode,MOBILE APP,Credit Card,1,"₹3,956.45","₹1,679.04",15%,₹0.00,01-Dec-2025,Returned,29-Dec-2025,Wrong size,1,0%,
OL-000780,ORD-2025-00562,24-Nov-2025,C0163,Corporate,Coimbatore,Tamil Nadu,P059,CasaBloom Memory Foam Pillow,Home & Kitchen,Home Furnishing,CasaBloom,Offline Store,credit card,3,"₹1,187.90",₹598.05,20%,₹0.00,28-Nov-2025,Returned,10-Dec-2025,wrong item,3,0%,
OL-000781,ORD-2025-00563,15-Nov-2025,C0611,Consumer,Siliguri,West Bengal,P003,UrbanThread Cotton Polo T-Shirt,Fashion,Men's Clothing,UrbanThread,Website,UPI,1,"₹1,928.67","₹1,128.89",25%,₹59.00,22-Nov-2025,N,,,0,0%,
OL-000782,ORD-2025-00563,15-Nov-2025,C0611,Consumer,Siliguri,West Bengal,P009,VelvetLeaf Floral Midi Dress,Fashion,Women's Clothing,VelvetLeaf,website,Upi,1,"₹1,693.41","₹1,003.66",25%,₹49.00,20-Nov-2025,yes,05-Dec-2025,Wrong item,1,0%,1.0
OL-000783,ORD-2025-00563,15-Nov-2025,C0611,Consumer,Siliguri,West Bengal,P074,GlowEase Trimmer Kit,Beauty,Personal Care,GlowEase,Website,UPI,1,"₹2,168.94","₹1,072.86",15%,₹59.00,19-Nov-2025,Not Returned,,,0,0%,
OL-000784,ORD-2025-00563,15-Nov-2025,C0611,Consumer,Siliguri,West Bengal,P081,FitForge Yoga Mat,Sports,Fitness,FitForge,Website,UPI,1,"₹6,964.80","₹3,978.89",20%,₹0.00,19-Nov-2025,No,,,0,0%,
OL-000788,ORD-2025-00567,29-Nov-2025,C0833,Consumer,Jodhpur,Rajasthan,P042,PixelNest Fitness Band,Electronics,Smart Devices,PixelNest,marketplace,Debit Card,1,"₹5,160.27","₹3,685.96",25%,₹0.00,04-Dec-2025,Returned,13-Dec-2025,Late Delivery,1,0%,3.0
OL-000797,ORD-2025-00573,29-Nov-2025,C0105,Corporate,Hyderabad,Telangana,P084,FitForge Skipping Rope,Sports,Fitness,FitForge,MARKETPLACE,Cash on Delivery,1,₹678.04,₹296.67,20%,₹39.00,02-Dec-2025,No,,,0,0%,
OL-000801,ORD-2025-00576,26-Nov-2025,C0484,Consumer,Kolkata,West Bengal,P032,SonicBay Studio Headphones,Electronics,Audio,SonicBay,marketplace,WALLET,1,"₹1,587.86","₹1,085.23",10%,₹39.00,03-Dec-2025,no,,,0,0%,
OL-000802,ORD-2025-00576,26-Nov-2025,C0484,Consumer,Kolkata,West Bengal,P019,AeroStep Walking Shoes,Fashion,Footwear,AeroStep,MARKETPLACE,WALLET,3,"₹1,048.77",₹531.47,15%,₹0.00,04-Dec-2025,Returned,22-Dec-2025,Quality Issue,3,0%,1.0
OL-000803,ORD-2025-00576,26-Nov-2025,C0484,Consumer,Kolkata,West Bengal,P027,PulseTech Over-Ear Headphones,Electronics,Audio,PulseTech,Marketplace,wallet,1,"₹12,990.81","₹8,206.05",10%,₹0.00,04-Dec-2025,Y,19-Dec-2025,Wrong Item,1,0%,
OL-000818,ORD-2025-00588,14-Nov-2025,C0412,Consumer,Lucknow,Uttar Pradesh,P071,DermaNest Clay Face Mask,Beauty,Skin Care,DermaNest,Marketplace,DEBIT CARD,1,₹921.78,₹349.54,20%,₹79.00,22-Nov-2025,no,,,0,0%,5.0
OL-000824,ORD-2025-00593,21-Nov-2025,C0331,Corporate,Siliguri,West Bengal,P046,PixelNest Smart Plug Pack,Electronics,Smart Devices,PixelNest,Website,upi,1,"₹9,903.51","₹7,571.95",20%,₹0.00,26-Nov-2025,Returned,15-Dec-2025,changed mind,1,10%,1.0
OL-000825,ORD-2025-00593,21-Nov-2025,C0331,Corporate,Siliguri,West Bengal,P085,FitForge Foam Roller,Sports,Fitness,FitForge,WEBSITE,upi,1,"₹3,424.15","₹1,433.02",25%,₹0.00,24-Nov-2025,Not Returned,,,0,0%,
OL-000840,ORD-2025-00602,12-Nov-2025,C0570,Consumer,Kochi,Kerala,P053,KitchenRoot Air Fryer,Home & Kitchen,Kitchen,KitchenRoot,mobile app,UPI,2,"₹10,376.23","₹5,632.33",10%,₹0.00,14-Nov-2025,No,,,0,0%,5.0
OL-000841,ORD-2025-00602,12-Nov-2025,C0570,Consumer,Kochi,Kerala,P029,SonicBay Gaming Headset,Electronics,Audio,SonicBay,Mobile App,Upi,4,"₹9,184.35","₹6,260.57",20%,₹0.00,16-Nov-2025,Yes,09-Dec-2025,damaged product,4,5%,2.0
OL-000849,ORD-2025-00607,25-Nov-2025,C0215,Corporate,Coimbatore,Tamil Nadu,P039,ConnectPro Screen Protector Pack,Electronics,Mobile Accessories,ConnectPro,offline store,Debit Card,1,"₹2,997.60","₹1,872.80",25%,₹0.00,27-Nov-2025,No,,,0,0%,
OL-000881,ORD-2025-00628,17-Nov-2025,C0109,Corporate,Jabalpur,Madhya Pradesh,P059,CasaBloom Memory Foam Pillow,Home & Kitchen,Home Furnishing,CasaBloom,WEBSITE,Debit Card,1,"₹1,213.95",₹598.05,30%,₹39.00,24-Nov-2025,N,,,0,0%,5.0
OL-000897,ORD-2025-00639,13-Nov-2025,C0056,Consumer,Nagpur,Maharashtra,P038,NexCharge Car Phone Mount,Electronics,Mobile Accessories,NexCharge,Mobile App,UPI,1,₹651.81,₹340.28,20%,₹59.00,15-Nov-2025,No,,,0,0%,
OL-000909,ORD-2025-00646,02-Nov-2025,C0234,Consumer,Kozhikode,Kerala,P002,NorthLane Slim Fit Jeans,Fashion,Men's Clothing,NorthLane,Offline Store,CREDIT CARD,1,"₹1,109.57",₹591.59,20%,₹0.00,04-Nov-2025,No,,,0,0%,
OL-000915,ORD-2025-00650,01-Nov-2025,C0717,Consumer,Ahmedabad,Gujarat,P085,FitForge Foam Roller,Sports,Fitness,FitForge,Marketplace,UPI,1,"₹3,229.92","₹1,433.02",25%,₹0.00,11-Nov-2025,Not Returned,,,0,0%,
OL-000916,ORD-2025-00650,01-Nov-2025,C0717,Consumer,Ahmedabad,Gujarat,P013,MiraMode Knitted Cardigan,Fashion,Women's Clothing,MiraMode,Marketplace,UPI,1,"₹2,352.31","₹1,293.51",15%,₹79.00,09-Nov-2025,Not Returned,,,0,0%,5.0
OL-000928,ORD-2025-00660,29-Nov-2025,C0170,Consumer,New Delhi,Delhi,P061,CasaBloom Decorative Cushion Set,Home & Kitchen,Home Furnishing,CasaBloom,Website,COD,1,"₹5,074.59","₹2,867.87",15%,₹0.00,03-Dec-2025,Not Returned,,,0,0%,
OL-000937,ORD-2025-00669,03-Nov-2025,C0157,Consumer,Chandigarh,Punjab,P089,TrailPeak Hiking Backpack,Sports,Outdoor,TrailPeak,Marketplace,Credit Card,3,"₹4,202.49","₹2,093.58",10%,₹0.00,07-Nov-2025,N,,,0,0%,
OL-000941,ORD-2025-00673,07-Nov-2025,C0120,Consumer,Siliguri,West Bengal,P097,SkillLeaf Data Analytics Handbook,Books,Books,SkillLeaf,MARKETPLACE,debit card,1,₹733.27,₹249.11,15%,₹59.00,14-Nov-2025,no,,,0,0%,
OL-000942,ORD-2025-00674,06-Nov-2025,C0241,Consumer,Jodhpur,Rajasthan,P049,HomeFlame Non-Stick Cookware Set,Home & Kitchen,Kitchen,HomeFlame,website,UPI,1,"₹9,018.70","₹6,307.48",15%,₹0.00,14-Nov-2025,N,,,0,0%,5.0
OL-000943,ORD-2025-00674,06-Nov-2025,C0241,Consumer,Jodhpur,Rajasthan,P035,VoltEdge USB-C Cable Pack,Electronics,Mobile Accessories,VoltEdge,WEBSITE,UPI,2,"₹1,668.86","₹1,086.77",15%,₹0.00,13-Nov-2025,no,,,0,0%,
OL-000944,ORD-2025-00674,06-Nov-2025,C0241,Consumer,Jodhpur,Rajasthan,P041,PixelNest Smart Watch,Electronics,Smart Devices,PixelNest,Website,upi,1,"₹17,299.66","₹10,108.00",15%,₹0.00,09-Nov-2025,Not Returned,,,0,0%,
OL-000948,ORD-2025-00678,04-Nov-2025,C0623,Corporate,Amritsar,Punjab,P004,UrbanThread Casual Chinos,Fashion,Men's Clothing,UrbanThread,Mobile App,Credit Card,2,"₹2,271.32","₹1,378.10",0%,₹0.00,08-Nov-2025,Yes,13-Nov-2025,changed mind,1,15%,2.0
OL-000961,ORD-2025-00687,09-Nov-2025,C0371,Consumer,Udaipur,Rajasthan,P048,OrbitSmart Mini Projector,Electronics,Smart Devices,OrbitSmart,Marketplace,UPI,2,"₹13,333.70","₹8,602.72",15%,₹0.00,13-Nov-2025,Yes,07-Dec-2025,Damaged Product,2,0%,3.0
OL-000978,ORD-2025-00697,28-Nov-2025,C0820,Consumer,Kolkata,West Bengal,P003,UrbanThread Cotton Polo T-Shirt,Fashion,Men's Clothing,UrbanThread,website,DEBIT CARD,1,"₹1,886.00","₹1,128.89",0%,₹49.00,01-Dec-2025,No,,,0,0%,
OL-000985,ORD-2025-00703,12-Nov-2025,C0035,Consumer,Jodhpur,Rajasthan,P060,SoftHaven Cotton Towel Set,Home & Kitchen,Home Furnishing,SoftHaven,Website,Credit Card,1,"₹2,117.43",₹789.33,30%,₹39.00,15-Nov-2025,no,,,0,0%,4.0
OL-000986,ORD-2025-00704,03-Nov-2025,C0727,Consumer,Chandigarh,Punjab,P086,MoveMax Workout Gloves,Sports,Fitness,MoveMax,Offline Store,Credit Card,1,"₹3,840.40","₹1,613.19",5%,₹0.00,04-Nov-2025,No,,,0,0%,
OL-000994,ORD-2025-00710,03-Nov-2025,C0053,Corporate,Thiruvananthapuram,Kerala,P060,SoftHaven Cotton Towel Set,Home & Kitchen,Home Furnishing,SoftHaven,Marketplace,upi,1,"₹2,096.47",₹789.33,10%,₹79.00,10-Nov-2025,No,,,0,0%,4.0
OL-001020,ORD-2025-00724,05-Nov-2025,C0462,Corporate,Jodhpur,Rajasthan,P030,VoltAudio Portable Speaker,Electronics,Audio,VoltAudio,Website,UPI,1,"₹11,806.23","₹6,811.90",25%,₹0.00,12-Nov-2025,Not Returned,,,0,0%,
OL-001034,ORD-2025-00736,24-Nov-2025,C0230,Consumer,Hyderabad,Telangana,P088,FitForge Core Slider Set,Sports,Fitness,FitForge,Website,UPI,2,"₹4,836.41","₹2,278.33",15%,₹0.00,30-Nov-2025,No,,,0,0%,4.0
OL-001036,ORD-2025-00738,12-Nov-2025,C0394,Home Office,New Delhi,Delhi,P063,NestLoom Lightweight Comforter,Home & Kitchen,Home Furnishing,NestLoom,WEBSITE,NET BANKING,1,"₹1,244.45",₹465.94,10%,₹39.00,15-Nov-2025,No,,,0,0%,
OL-001062,ORD-2025-00753,02-Nov-2025,C0017,Consumer,Mysuru,Karnataka,P087,MoveMax Kettlebell,Sports,Fitness,MoveMax,Website,credit card,1,"₹8,222.17","₹4,195.76",20%,₹0.00,09-Nov-2025,Returned,25-Nov-2025,Quality Issue,1,0%,
OL-001098,ORD-2025-00782,07-Nov-2025,C0496,Consumer,Noida,Uttar Pradesh,P029,SonicBay Gaming Headset,Electronics,Audio,SonicBay,Marketplace,upi,1,"₹8,798.97","₹6,260.57",15%,₹0.00,12-Nov-2025,No,,,0,0%,
OL-001104,ORD-2025-00786,21-Nov-2025,C0565,Consumer,New Delhi,Delhi,P044,OrbitSmart Smart LED Bulb Pack,Electronics,Smart Devices,OrbitSmart,Website,Credit Card,1,"₹3,419.66","₹2,279.34",10%,₹0.00,28-Nov-2025,Yes,21-Dec-2025,product not as expected,1,5%,2.0
OL-001118,ORD-2025-00799,20-Nov-2025,C0403,Consumer,Thiruvananthapuram,Kerala,P077,GlowEase Grooming Kit,Beauty,Personal Care,GlowEase,Mobile App,debit card,2,"₹1,767.62",₹726.50,15%,₹0.00,25-Nov-2025,No,,,0,0%,
OL-001119,ORD-2025-00799,20-Nov-2025,C0403,Consumer,Thiruvananthapuram,Kerala,P037,NexCharge Wireless Charger,Electronics,Mobile Accessories,NexCharge,Mobile App,DEBIT CARD,1,₹546.78,₹271.48,15%,₹49.00,21-Nov-2025,No,,,0,0%,
OL-001126,ORD-2025-00805,10-Nov-2025,C0467,Consumer,Siliguri,West Bengal,P031,VoltAudio Neckband Earphones,Electronics,Audio,VoltAudio,Mobile App,UPI,1,"₹5,363.42","₹3,467.28",30%,₹0.00,13-Nov-2025,No,,,0,0%,
OL-001127,ORD-2025-00805,10-Nov-2025,C0467,Consumer,Siliguri,West Bengal,P053,KitchenRoot Air Fryer,Home & Kitchen,Kitchen,KitchenRoot,Mobile App,UPI,1,"₹9,539.01","₹5,632.33",20%,₹0.00,15-Nov-2025,No,,,0,0%,4.0
OL-001128,ORD-2025-00805,10-Nov-2025,C0467,Consumer,Siliguri,West Bengal,P089,TrailPeak Hiking Backpack,Sports,Outdoor,TrailPeak,Mobile App,UPI,1,"₹4,342.95","₹2,093.58",10%,₹0.00,14-Nov-2025,no,,,0,0%,
OL-001130,ORD-2025-00807,17-Nov-2025,C0612,Home Office,Surat,Gujarat,P090,WildRoute Insulated Water Bottle,Sports,Outdoor,WildRoute,offline store,Cash,1,"₹1,943.15",₹949.59,30%,₹0.00,18-Nov-2025,Not Returned,,,0,0%,4.0
OL-001131,ORD-2025-00807,17-Nov-2025,C0612,Home Office,Surat,Gujarat,P015,MiraMode Printed Maxi Dress,Fashion,Women's Clothing,MiraMode,Offline Store,cash,2,"₹3,875.38","₹2,122.23",5%,₹0.00,19-Nov-2025,Not Returned,,,0,0%,5.0
OL-001136,ORD-2025-00810,06-Nov-2025,C0150,Corporate,Ahmedabad,Gujarat,P022,AeroStep Training Shoes,Fashion,Footwear,AeroStep,Offline Store,UPI,2,"₹4,419.18","₹2,516.74",25%,₹0.00,06-Nov-2025,yes,16-Nov-2025,quality issue,2,5%,
OL-001141,ORD-2025-00814,05-Nov-2025,C0126,Home Office,Jabalpur,Madhya Pradesh,P023,AeroStep Slip-On Sneakers,Fashion,Footwear,AeroStep,Website,DEBIT CARD,1,"₹3,970.72","₹2,443.63",0%,₹0.00,11-Nov-2025,Not Returned,,,0,0%,4.0
OL-001142,ORD-2025-00814,05-Nov-2025,C0126,Home Office,Jabalpur,Madhya Pradesh,P011,MiraMode Cotton Kurta Set,Fashion,Women's Clothing,MiraMode,website,Debit Card,2,"₹3,768.32","₹1,679.04",5%,₹0.00,11-Nov-2025,Returned,19-Nov-2025,Changed Mind,2,10%,
OL-001148,ORD-2025-00819,03-Nov-2025,C0597,Corporate,Jaipur,Rajasthan,P009,VelvetLeaf Floral Midi Dress,Fashion,Women's Clothing,VelvetLeaf,website,CREDIT CARD,3,"₹1,618.34","₹1,003.66",10%,₹0.00,09-Nov-2025,No,,,0,0%,
OL-001166,ORD-2025-00833,26-Nov-2025,C0625,Consumer,Mysuru,Karnataka,P072,BloomSkin Lip Care Combo,Beauty,Skin Care,BloomSkin,website,COD,2,"₹1,507.72",₹648.65,20%,₹0.00,02-Dec-2025,Yes,13-Dec-2025,Quality Issue,2,0%,1.0
OL-001172,ORD-2025-00837,19-Nov-2025,C0622,Corporate,New Delhi,Delhi,P052,CookCraft Storage Container Set,Home & Kitchen,Kitchen,CookCraft,offline store,debit card,1,"₹4,813.60","₹2,633.10",15%,₹0.00,20-Nov-2025,no,,,0,0%,
OL-001195,ORD-2025-00854,17-Nov-2025,C0726,Corporate,Mysuru,Karnataka,P006,UrbanThread Printed Casual Shirt,Fashion,Men's Clothing,UrbanThread,Offline Store,upi,1,"₹2,860.93","₹1,292.17",5%,₹0.00,20-Nov-2025,No,,,0,0%,5.0
OL-001199,ORD-2025-00858,29-Nov-2025,C0745,Home Office,Bengaluru,Karnataka,P048,OrbitSmart Mini Projector,Electronics,Smart Devices,OrbitSmart,MOBILE APP,UPI,1,"₹12,589.23","₹8,602.72",10%,₹0.00,02-Dec-2025,No,,,0,0%,5.0
OL-001200,ORD-2025-00858,29-Nov-2025,C0745,Home Office,Bengaluru,Karnataka,P095,TrailPeak Sports Duffel Bag,Sports,Outdoor,TrailPeak,mobile app,upi,3,"₹3,065.53","₹1,568.04",5%,₹0.00,04-Dec-2025,No,,,0,0%,5.0
OL-001236,ORD-2025-00884,24-Nov-2025,C0588,Consumer,Pune,Maharashtra,P002,NorthLane Slim Fit Jeans,Fashion,Men's Clothing,NorthLane,Offline Store,Credit Card,1,"₹1,173.55",₹591.59,10%,₹0.00,26-Nov-2025,no,,,0,0%,
OL-001268,ORD-2025-00907,17-Nov-2025,C0659,Consumer,Madurai,Tamil Nadu,P027,PulseTech Over-Ear Headphones,Electronics,Audio,PulseTech,Website,debit card,1,"₹12,774.07","₹8,206.05",10%,₹0.00,22-Nov-2025,No,,,0,0%,
OL-001269,ORD-2025-00907,17-Nov-2025,C0659,Consumer,Madurai,Tamil Nadu,P012,AuraStyle Casual Top,Fashion,Women's Clothing,AuraStyle,Website,debit card,2,"₹2,630.34","₹1,247.93",20%,₹0.00,25-Nov-2025,N,,,0,0%,5.0
OL-001285,ORD-2025-00921,28-Nov-2025,C0480,Corporate,Siliguri,West Bengal,P069,PureGlow Niacinamide Serum,Beauty,Skin Care,PureGlow,Website,credit card,1,₹810.86,₹337.59,15%,₹39.00,05-Dec-2025,No,,,0,0%,
OL-001286,ORD-2025-00921,28-Nov-2025,C0480,Corporate,Siliguri,West Bengal,P022,AeroStep Training Shoes,Fashion,Footwear,AeroStep,website,CREDIT CARD,1,"₹4,554.97","₹2,516.74",15%,₹0.00,05-Dec-2025,yes,27-Dec-2025,wrong size,1,0%,1.0
OL-001295,ORD-2025-00929,07-Nov-2025,C0443,Consumer,Kolkata,West Bengal,P004,UrbanThread Casual Chinos,Fashion,Men's Clothing,UrbanThread,Mobile App,UPI,1,"₹2,250.47","₹1,378.10",30%,₹39.00,10-Nov-2025,No,,,0,0%,1.0
OL-001300,ORD-2025-00934,28-Nov-2025,C0571,Home Office,Jodhpur,Rajasthan,P104,SkillLeaf Power BI Project Guide,Books,Books,SkillLeaf,Website,debit card,2,"₹1,223.69",₹474.23,10%,₹59.00,03-Dec-2025,No,,,0,0%,
OL-001301,ORD-2025-00934,28-Nov-2025,C0571,Home Office,Jodhpur,Rajasthan,P059,CasaBloom Memory Foam Pillow,Home & Kitchen,Home Furnishing,CasaBloom,Website,debit card,1,"₹1,161.54",₹598.05,5%,₹59.00,03-Dec-2025,Not Returned,,,0,0%,
OL-001302,ORD-2025-00934,28-Nov-2025,C0571,Home Office,Jodhpur,Rajasthan,P040,VoltEdge Travel Adapter,Electronics,Mobile Accessories,VoltEdge,Website,debit card,1,₹859.99,₹555.01,15%,₹39.00,01-Dec-2025,no,,,0,0%,
OL-001306,ORD-2025-00937,01-Nov-2025,C0258,Corporate,Coimbatore,Tamil Nadu,P094,AeroCamp Picnic Mat,Sports,Outdoor,AeroCamp,Marketplace,cash on delivery,1,"₹1,840.00","₹1,160.08",0%,₹79.00,08-Nov-2025,No,,,0,0%,5.0
OL-001307,ORD-2025-00937,01-Nov-2025,C0258,Corporate,Coimbatore,Tamil Nadu,P086,MoveMax Workout Gloves,Sports,Fitness,MoveMax,MARKETPLACE,cash on delivery,1,"₹4,101.70","₹1,613.19",20%,₹0.00,06-Nov-2025,no,,,0,0%,
OL-001308,ORD-2025-00937,01-Nov-2025,C0258,Corporate,Coimbatore,Tamil Nadu,P050,KitchenRoot Mixer Grinder,Home & Kitchen,Kitchen,KitchenRoot,Marketplace,cash on delivery,1,"₹3,201.34","₹2,042.70",10%,₹0.00,08-Nov-2025,no,,,0,0%,
OL-001310,ORD-2025-00939,05-Nov-2025,C0667,Home Office,Bengaluru,Karnataka,P089,TrailPeak Hiking Backpack,Sports,Outdoor,TrailPeak,MARKETPLACE,debit card,2,"₹4,117.58","₹2,093.58",20%,₹0.00,11-Nov-2025,Not Returned,,,0,0%,4.0
OL-001319,ORD-2025-00946,17-Nov-2025,C0447,Consumer,New Delhi,Delhi,P015,MiraMode Printed Maxi Dress,Fashion,Women's Clothing,MiraMode,website,DEBIT CARD,1,"₹3,848.87","₹2,122.23",10%,₹0.00,23-Nov-2025,No,,,0,0%,
OL-001320,ORD-2025-00947,01-Nov-2025,C0286,Home Office,Jodhpur,Rajasthan,P026,SonicBay Bluetooth Speaker,Electronics,Audio,SonicBay,Website,Upi,2,"₹7,420.39","₹5,106.31",15%,₹0.00,08-Nov-2025,Not Returned,,,0,0%,5.0
OL-001321,ORD-2025-00947,01-Nov-2025,C0286,Home Office,Jodhpur,Rajasthan,P047,HomeSync Digital Photo Frame,Electronics,Smart Devices,HomeSync,Website,Upi,2,"₹3,232.31","₹1,997.47",20%,₹0.00,07-Nov-2025,Y,13-Nov-2025,Changed Mind,2,0%,1.0
OL-001324,ORD-2025-00950,27-Nov-2025,C0307,Home Office,Kanpur,Uttar Pradesh,P050,KitchenRoot Mixer Grinder,Home & Kitchen,Kitchen,KitchenRoot,Marketplace,cash on delivery,1,"₹3,085.30","₹2,042.70",20%,₹0.00,03-Dec-2025,no,,,0,0%,5.0
OL-001325,ORD-2025-00950,27-Nov-2025,C0307,Home Office,Kanpur,Uttar Pradesh,P009,VelvetLeaf Floral Midi Dress,Fashion,Women's Clothing,VelvetLeaf,Marketplace,Cash on Delivery,1,"₹1,719.62","₹1,003.66",10%,₹39.00,02-Dec-2025,Not Returned,,,0,0%,
OL-001376,ORD-2025-00988,02-Nov-2025,C0609,Consumer,Nashik,Maharashtra,P072,BloomSkin Lip Care Combo,Beauty,Skin Care,BloomSkin,mobile app,CREDIT CARD,1,"₹1,514.19",₹648.65,15%,₹49.00,06-Nov-2025,No,,,0,0%,4.0
OL-001380,ORD-2025-00992,29-Nov-2025,C0188,Home Office,Madurai,Tamil Nadu,P037,NexCharge Wireless Charger,Electronics,Mobile Accessories,NexCharge,website,DEBIT CARD,1,₹502.51,₹271.48,15%,₹49.00,02-Dec-2025,yes,08-Dec-2025,late delivery,1,0%,3.0
OL-001384,ORD-2025-00995,19-Nov-2025,C0525,Consumer,New Delhi,Delhi,P054,HomeFlame Sandwich Maker,Home & Kitchen,Kitchen,HomeFlame,MARKETPLACE,wallet,3,"₹9,317.72","₹6,033.47",20%,₹0.00,22-Nov-2025,N,,,0,0%,
OL-001406,ORD-2025-01009,04-Nov-2025,C0004,Consumer,Kolkata,West Bengal,P009,VelvetLeaf Floral Midi Dress,Fashion,Women's Clothing,VelvetLeaf,WEBSITE,Net Banking,1,"₹1,619.67","₹1,003.66",5%,₹39.00,09-Nov-2025,N,,,0,0%,
OL-001425,ORD-2025-01026,20-Nov-2025,C0020,Corporate,Mumbai,Maharashtra,P042,PixelNest Fitness Band,Electronics,Smart Devices,PixelNest,marketplace,UPI,1,"₹5,332.85","₹3,685.96",25%,₹0.00,28-Nov-2025,Not Returned,,,0,0%,4.0
OL-001435,ORD-2025-01034,01-Nov-2025,C0327,Corporate,New Delhi,Delhi,P037,NexCharge Wireless Charger,Electronics,Mobile Accessories,NexCharge,MARKETPLACE,CREDIT CARD,1,₹491.25,₹271.48,20%,₹59.00,06-Nov-2025,N,,,0,0%,5.0
OL-001436,ORD-2025-01035,18-Nov-2025,C0777,Consumer,Nagpur,Maharashtra,P058,NestLoom Blackout Curtains,Home & Kitchen,Home Furnishing,NestLoom,MARKETPLACE,Upi,1,"₹4,800.58","₹2,429.60",15%,₹0.00,22-Nov-2025,Returned,02-Dec-2025,Product Not as Expected,1,5%,1.0
OL-001446,ORD-2025-01041,09-Nov-2025,C0024,Corporate,Mangaluru,Karnataka,P090,WildRoute Insulated Water Bottle,Sports,Outdoor,WildRoute,offline store,UPI,4,"₹2,075.43",₹949.59,10%,₹0.00,10-Nov-2025,no,,,0,0%,
OL-001478,ORD-2025-01061,02-Nov-2025,C0241,Consumer,Jodhpur,Rajasthan,P015,MiraMode Printed Maxi Dress,Fashion,Women's Clothing,MiraMode,Website,Cash on Delivery,3,"₹3,817.89","₹2,122.23",15%,₹0.00,06-Nov-2025,No,,,0,0%,
OL-001479,ORD-2025-01061,02-Nov-2025,C0241,Consumer,Jodhpur,Rajasthan,P071,DermaNest Clay Face Mask,Beauty,Skin Care,DermaNest,Website,Cash on Delivery,1,₹915.76,₹349.54,5%,₹39.00,05-Nov-2025,no,,,0,0%,
OL-001480,ORD-2025-01062,30-Nov-2025,C0639,Consumer,Siliguri,West Bengal,P005,UrbanThread Lightweight Jacket,Fashion,Men's Clothing,UrbanThread,Offline Store,Credit Card,1,"₹1,189.50",₹646.63,30%,₹0.00,02-Dec-2025,yes,11-Dec-2025,Quality Issue,1,0%,4.0
OL-001487,ORD-2025-01069,08-Nov-2025,C0745,Home Office,Bengaluru,Karnataka,P011,MiraMode Cotton Kurta Set,Fashion,Women's Clothing,MiraMode,mobile app,UPI,4,"₹3,831.40","₹1,679.04",20%,₹0.00,11-Nov-2025,no,,,0,0%,
OL-001495,ORD-2025-01076,28-Nov-2025,C0850,Corporate,New Delhi,Delhi,P040,VoltEdge Travel Adapter,Electronics,Mobile Accessories,VoltEdge,Marketplace,Wallet,1,₹856.30,₹555.01,15%,₹79.00,05-Dec-2025,No,,,0,0%,
OL-001523,ORD-2025-01094,17-Nov-2025,C0559,Consumer,New Delhi,Delhi,P035,VoltEdge USB-C Cable Pack,Electronics,Mobile Accessories,VoltEdge,WEBSITE,NET BANKING,2,"₹1,667.11","₹1,086.77",15%,₹0.00,21-Nov-2025,Not Returned,,,0,0%,4.0
OL-001525,ORD-2025-01096,18-Nov-2025,C0821,Corporate,New Delhi,Delhi,P100,SkillLeaf The Productivity System,Books,Books,SkillLeaf,Mobile App,Credit Card,1,₹593.17,₹247.93,25%,₹49.00,20-Nov-2025,N,,,0,0%,
OL-001527,ORD-2025-01098,20-Nov-2025,C0443,Consumer,Kolkata,West Bengal,P062,NestLoom Floor Mat Set,Home & Kitchen,Home Furnishing,NestLoom,WEBSITE,Debit Card,1,"₹3,513.92","₹1,409.58",15%,₹0.00,25-Nov-2025,No,,,0,0%,4.0
OL-001542,ORD-2025-01108,02-Nov-2025,C0771,Consumer,Warangal,Telangana,P019,AeroStep Walking Shoes,Fashion,Footwear,AeroStep,Marketplace,Cash on Delivery,2,"₹1,104.84",₹531.47,20%,₹79.00,10-Nov-2025,Yes,08-Dec-2025,wrong size,2,0%,2.0
OL-001544,ORD-2025-01110,05-Nov-2025,C0154,Corporate,Surat,Gujarat,P070,PureGlow Body Lotion,Beauty,Skin Care,PureGlow,MOBILE APP,UPI,2,"₹2,393.88",₹835.56,0%,₹0.00,10-Nov-2025,N,,,0,0%,
OL-001618,ORD-2025-01164,17-Nov-2025,C0440,Consumer,Bengaluru,Karnataka,P056,CookCraft Hand Blender,Home & Kitchen,Kitchen,CookCraft,marketplace,UPI,1,"₹11,694.62","₹6,467.93",10%,₹0.00,23-Nov-2025,yes,15-Dec-2025,Damaged Product,1,0%,3.0
OL-001623,ORD-2025-01168,25-Nov-2025,C0220,Home Office,Jodhpur,Rajasthan,P022,AeroStep Training Shoes,Fashion,Footwear,AeroStep,MARKETPLACE,wallet,1,"₹4,469.10","₹2,516.74",15%,₹0.00,28-Nov-2025,no,,,0,0%,2.0
OL-001636,ORD-2025-01177,10-Nov-2025,C0571,Home Office,Jodhpur,Rajasthan,P069,PureGlow Niacinamide Serum,Beauty,Skin Care,PureGlow,Website,upi,1,₹729.27,₹337.59,0%,₹99.00,17-Nov-2025,N,,,0,0%,
OL-001654,ORD-2025-01189,28-Nov-2025,C0458,Consumer,Ludhiana,Punjab,P011,MiraMode Cotton Kurta Set,Fashion,Women's Clothing,MiraMode,Mobile App,UPI,1,"₹3,802.87","₹1,679.04",15%,₹0.00,29-Nov-2025,N,,,0,0%,
OL-001655,ORD-2025-01189,28-Nov-2025,C0458,Consumer,Ludhiana,Punjab,P059,CasaBloom Memory Foam Pillow,Home & Kitchen,Home Furnishing,CasaBloom,Mobile App,upi,1,"₹1,207.09",₹598.05,30%,₹99.00,30-Nov-2025,Not Returned,,,0,0%,1.0
OL-001656,ORD-2025-01190,09-Nov-2025,C0754,Corporate,Hyderabad,Telangana,P049,HomeFlame Non-Stick Cookware Set,Home & Kitchen,Kitchen,HomeFlame,Mobile App,credit card,1,"₹9,026.85","₹6,307.48",20%,₹0.00,10-Nov-2025,No,,,0,0%,
OL-001671,ORD-2025-01202,05-Nov-2025,C0205,Consumer,Kanpur,Uttar Pradesh,P079,GlowEase Hair Styling Brush,Beauty,Personal Care,GlowEase,mobile app,credit card,1,"₹4,884.22","₹2,198.07",20%,₹0.00,09-Nov-2025,N,,,0,0%,
OL-001676,ORD-2025-01206,07-Nov-2025,C0459,Consumer,Hyderabad,Telangana,P002,NorthLane Slim Fit Jeans,Fashion,Men's Clothing,NorthLane,Website,debit card,1,"₹1,072.83",₹591.59,30%,₹99.00,12-Nov-2025,No,,,0,0%,5.0
OL-001683,ORD-2025-01213,24-Nov-2025,C0595,Home Office,Chennai,Tamil Nadu,P043,HomeSync Wi-Fi Security Camera,Electronics,Smart Devices,HomeSync,Offline Store,Debit Card,1,"₹19,503.91","₹13,144.70",30%,₹0.00,28-Nov-2025,No,,,0,0%,
OL-001684,ORD-2025-01213,24-Nov-2025,C0595,Home Office,Chennai,Tamil Nadu,P049,HomeFlame Non-Stick Cookware Set,Home & Kitchen,Kitchen,HomeFlame,OFFLINE STORE,DEBIT CARD,1,"₹9,790.36","₹6,307.48",10%,₹0.00,26-Nov-2025,Not Returned,,,0,0%,
OL-001692,ORD-2025-01219,15-Nov-2025,C0620,Consumer,Thiruvananthapuram,Kerala,P032,SonicBay Studio Headphones,Electronics,Audio,SonicBay,offline store,CREDIT CARD,1,"₹1,581.70","₹1,085.23",15%,₹0.00,17-Nov-2025,N,,,0,0%,
OL-001695,ORD-2025-01221,14-Nov-2025,C0416,Consumer,Jabalpur,Madhya Pradesh,P037,NexCharge Wireless Charger,Electronics,Mobile Accessories,NexCharge,MOBILE APP,Debit Card,1,₹550.61,₹271.48,25%,₹59.00,18-Nov-2025,No,,,0,0%,5.0
OL-001699,ORD-2025-01225,27-Nov-2025,C0541,Corporate,Bhopal,Madhya Pradesh,P058,NestLoom Blackout Curtains,Home & Kitchen,Home Furnishing,NestLoom,Website,UPI,2,"₹4,275.52","₹2,429.60",20%,₹0.00,01-Dec-2025,N,,,0,0%,
OL-001705,ORD-2025-01229,01-Nov-2025,C0477,Corporate,Bengaluru,Karnataka,P074,GlowEase Trimmer Kit,Beauty,Personal Care,GlowEase,Website,UPI,3,"₹2,008.19","₹1,072.86",20%,₹0.00,04-Nov-2025,N,,,0,0%,
OL-001740,ORD-2025-01253,12-Nov-2025,C0177,Consumer,Coimbatore,Tamil Nadu,P030,VoltAudio Portable Speaker,Electronics,Audio,VoltAudio,Website,net banking,3,"₹11,250.38","₹6,811.90",20%,₹0.00,15-Nov-2025,No,,,0,0%,5.0
OL-001741,ORD-2025-01253,12-Nov-2025,C0177,Consumer,Coimbatore,Tamil Nadu,P075,GroomLab Hair Straightener,Beauty,Personal Care,GroomLab,Website,NET BANKING,1,"₹3,583.34","₹1,901.20",20%,₹0.00,16-Nov-2025,yes,09-Dec-2025,product not as expected,1,10%,
OL-001763,ORD-2025-01268,10-Nov-2025,C0707,Consumer,Hyderabad,Telangana,P013,MiraMode Knitted Cardigan,Fashion,Women's Clothing,MiraMode,website,DEBIT CARD,3,"₹2,259.93","₹1,293.51",15%,₹0.00,15-Nov-2025,N,,,0,0%,
OL-001764,ORD-2025-01269,18-Nov-2025,C0710,Corporate,Kanpur,Uttar Pradesh,P093,AeroCamp Cycling Helmet,Sports,Outdoor,AeroCamp,Mobile App,UPI,1,"₹3,639.80","₹2,203.61",0%,₹0.00,22-Nov-2025,N,,,0,0%,5.0
OL-001765,ORD-2025-01270,15-Nov-2025,C0168,Corporate,Pune,Maharashtra,P076,GlowEase Electric Toothbrush,Beauty,Personal Care,GlowEase,Mobile App,Credit Card,2,"₹5,507.89","₹3,182.34",5%,₹0.00,21-Nov-2025,no,,,0,0%,
OL-001766,ORD-2025-01270,15-Nov-2025,C0168,Corporate,Pune,Maharashtra,P098,BrightPage Personal Finance Basics,Books,Books,BrightPage,mobile app,Credit Card,1,"₹1,167.14",₹379.22,20%,₹59.00,19-Nov-2025,No,,,0,0%,
OL-001767,ORD-2025-01271,06-Nov-2025,C0561,Consumer,Warangal,Telangana,P047,HomeSync Digital Photo Frame,Electronics,Smart Devices,HomeSync,MARKETPLACE,Upi,1,"₹3,025.26","₹1,997.47",20%,₹0.00,13-Nov-2025,No,,,0,0%,5.0
OL-001771,ORD-2025-01274,26-Nov-2025,C0833,Consumer,Jodhpur,Rajasthan,P083,FitForge Adjustable Dumbbells,Sports,Fitness,FitForge,Mobile App,UPI,1,"₹7,940.75","₹4,814.22",25%,₹0.00,27-Nov-2025,N,,,0,0%,5.0
OL-001777,ORD-2025-01279,21-Nov-2025,C0084,Corporate,Jabalpur,Madhya Pradesh,P049,HomeFlame Non-Stick Cookware Set,Home & Kitchen,Kitchen,HomeFlame,Marketplace,UPI,1,"₹8,975.85","₹6,307.48",10%,₹0.00,29-Nov-2025,Not Returned,,,0,0%,4.0
OL-001778,ORD-2025-01279,21-Nov-2025,C0084,Corporate,Jabalpur,Madhya Pradesh,P094,AeroCamp Picnic Mat,Sports,Outdoor,AeroCamp,marketplace,Upi,2,"₹1,947.03","₹1,160.08",20%,₹0.00,29-Nov-2025,Y,05-Dec-2025,quality issue,2,0%,
OL-001791,ORD-2025-01288,16-Nov-2025,C0407,Home Office,Nashik,Maharashtra,P012,AuraStyle Casual Top,Fashion,Women's Clothing,AuraStyle,Mobile App,Debit Card,1,"₹2,656.02","₹1,247.93",20%,₹0.00,19-Nov-2025,No,,,0,0%,4.0
OL-001792,ORD-2025-01289,18-Nov-2025,C0511,Consumer,Jodhpur,Rajasthan,P044,OrbitSmart Smart LED Bulb Pack,Electronics,Smart Devices,OrbitSmart,Mobile App,Upi,1,"₹3,443.90","₹2,279.34",5%,₹0.00,23-Nov-2025,no,,,0,0%,5.0
OL-001803,ORD-2025-01297,01-Nov-2025,C0073,Consumer,Nagpur,Maharashtra,P003,UrbanThread Cotton Polo T-Shirt,Fashion,Men's Clothing,UrbanThread,MOBILE APP,upi,1,"₹1,813.63","₹1,128.89",10%,₹99.00,03-Nov-2025,No,,,0,0%,5.0
OL-001804,ORD-2025-01297,01-Nov-2025,C0073,Consumer,Nagpur,Maharashtra,P063,NestLoom Lightweight Comforter,Home & Kitchen,Home Furnishing,NestLoom,Mobile App,Upi,1,"₹1,249.84",₹465.94,25%,₹39.00,06-Nov-2025,no,,,0,0%,
OL-001805,ORD-2025-01297,01-Nov-2025,C0073,Consumer,Nagpur,Maharashtra,P017,StrideX Running Sneakers,Fashion,Footwear,StrideX,Mobile App,UPI,3,"₹4,334.34","₹2,445.58",10%,₹0.00,06-Nov-2025,No,,,0,0%,
OL-001809,ORD-2025-01301,16-Nov-2025,C0829,Consumer,Hyderabad,Telangana,P031,VoltAudio Neckband Earphones,Electronics,Audio,VoltAudio,Marketplace,UPI,1,"₹5,509.08","₹3,467.28",5%,₹0.00,24-Nov-2025,no,,,0,0%,4.0
OL-001816,ORD-2025-01306,19-Nov-2025,C0740,Consumer,Kochi,Kerala,P024,FootNest Formal Oxford Shoes,Fashion,Footwear,FootNest,WEBSITE,net banking,1,"₹3,953.22","₹2,201.04",25%,₹0.00,26-Nov-2025,no,,,0,0%,4.0
OL-001885,ORD-2025-01358,24-Nov-2025,C0757,Consumer,Chandigarh,Punjab,P046,PixelNest Smart Plug Pack,Electronics,Smart Devices,PixelNest,WEBSITE,UPI,1,"₹9,368.61","₹7,571.95",25%,₹0.00,28-Nov-2025,Not Returned,,,0,0%,3.0
OL-001894,ORD-2025-01364,07-Nov-2025,C0845,Consumer,New Delhi,Delhi,P050,KitchenRoot Mixer Grinder,Home & Kitchen,Kitchen,KitchenRoot,Marketplace,UPI,1,"₹3,203.37","₹2,042.70",30%,₹0.00,14-Nov-2025,Not Returned,,,0,0%,5.0
OL-001896,ORD-2025-01366,28-Nov-2025,C0033,Consumer,Indore,Madhya Pradesh,P014,MiraMode Straight Fit Trousers,Fashion,Women's Clothing,MiraMode,Offline Store,Debit Card,2,"₹2,357.25",₹955.33,15%,₹0.00,30-Nov-2025,no,,,0,0%,4.0
OL-001920,ORD-2025-01384,18-Nov-2025,C0702,Home Office,Kanpur,Uttar Pradesh,P103,InsightPress SQL Practice Workbook,Books,Books,InsightPress,MARKETPLACE,Upi,2,₹881.30,₹330.48,0%,₹39.00,21-Nov-2025,No,,,0,0%,5.0
OL-001947,ORD-2025-01404,25-Nov-2025,C0288,Consumer,Lucknow,Uttar Pradesh,P103,InsightPress SQL Practice Workbook,Books,Books,InsightPress,Mobile App,credit card,4,₹877.41,₹330.48,20%,₹0.00,28-Nov-2025,N,,,0,0%,
OL-001954,ORD-2025-01409,13-Nov-2025,C0364,Corporate,Mangaluru,Karnataka,P035,VoltEdge USB-C Cable Pack,Electronics,Mobile Accessories,VoltEdge,WEBSITE,DEBIT CARD,1,"₹1,527.93","₹1,086.77",10%,₹99.00,15-Nov-2025,N,,,0,0%,
OL-001956,ORD-2025-01411,04-Nov-2025,C0638,Consumer,Noida,Uttar Pradesh,P042,PixelNest Fitness Band,Electronics,Smart Devices,PixelNest,Mobile App,upi,1,"₹5,498.44","₹3,685.96",10%,₹0.00,06-Nov-2025,No,,,0,0%,
OL-001957,ORD-2025-01411,04-Nov-2025,C0638,Consumer,Noida,Uttar Pradesh,P024,FootNest Formal Oxford Shoes,Fashion,Footwear,FootNest,Mobile App,upi,2,"₹3,874.53","₹2,201.04",25%,₹0.00,08-Nov-2025,yes,04-Dec-2025,Wrong size,2,0%,
OL-001970,ORD-2025-01421,21-Nov-2025,C0109,Corporate,Jabalpur,Madhya Pradesh,P101,BrightPage Modern Marketing Playbook,Books,Books,BrightPage,mobile app,wallet,1,"₹1,312.90",₹460.56,20%,₹99.00,25-Nov-2025,Returned,17-Dec-2025,Product Not as Expected,1,0%,
OL-001981,ORD-2025-01429,10-Nov-2025,C0585,Consumer,Noida,Uttar Pradesh,P079,GlowEase Hair Styling Brush,Beauty,Personal Care,GlowEase,Mobile App,Credit Card,4,"₹4,732.98","₹2,198.07",10%,₹0.00,13-Nov-2025,No,,,0,0%,5.0
OL-002014,ORD-2025-01452,13-Nov-2025,C0231,Corporate,Kozhikode,Kerala,P039,ConnectPro Screen Protector Pack,Electronics,Mobile Accessories,ConnectPro,Offline Store,DEBIT CARD,1,"₹2,997.97","₹1,872.80",25%,₹0.00,14-Nov-2025,No,,,0,0%,
OL-002024,ORD-2025-01461,08-Nov-2025,C0746,Consumer,Thiruvananthapuram,Kerala,P016,VelvetLeaf Everyday Leggings,Fashion,Women's Clothing,VelvetLeaf,Mobile App,WALLET,1,"₹2,637.51","₹1,495.61",20%,₹0.00,14-Nov-2025,N,,,0,0%,
OL-002025,ORD-2025-01462,08-Nov-2025,C0333,Corporate,Amritsar,Punjab,P029,SonicBay Gaming Headset,Electronics,Audio,SonicBay,MOBILE APP,Debit Card,1,"₹8,897.48","₹6,260.57",20%,₹0.00,09-Nov-2025,Not Returned,,,0,0%,
OL-002026,ORD-2025-01463,12-Nov-2025,C0099,Consumer,Ludhiana,Punjab,P051,KitchenRoot Electric Kettle,Home & Kitchen,Kitchen,KitchenRoot,MOBILE APP,credit card,1,"₹7,260.73","₹4,395.70",5%,₹0.00,18-Nov-2025,Not Returned,,,0,0%,1.0
OL-002032,ORD-2025-01469,22-Nov-2025,C0800,Corporate,Jaipur,Rajasthan,P056,CookCraft Hand Blender,Home & Kitchen,Kitchen,CookCraft,Website,UPI,1,"₹11,837.40","₹6,467.93",20%,₹0.00,25-Nov-2025,N,,,0,0%,4.0
OL-002044,ORD-2025-01477,04-Nov-2025,C0020,Corporate,Mumbai,Maharashtra,P013,MiraMode Knitted Cardigan,Fashion,Women's Clothing,MiraMode,mobile app,Upi,1,"₹2,235.91","₹1,293.51",15%,₹39.00,09-Nov-2025,Not Returned,,,0,0%,
OL-002045,ORD-2025-01477,04-Nov-2025,C0020,Corporate,Mumbai,Maharashtra,P017,StrideX Running Sneakers,Fashion,Footwear,StrideX,mobile app,upi,2,"₹4,305.51","₹2,445.58",20%,₹0.00,08-Nov-2025,N,,,0,0%,4.0
OL-002059,ORD-2025-01489,24-Nov-2025,C0214,Consumer,Jaipur,Rajasthan,P010,AuraStyle High Rise Jeans,Fashion,Women's Clothing,AuraStyle,MOBILE APP,UPI,1,"₹1,615.29",₹619.70,25%,₹39.00,25-Nov-2025,Not Returned,,,0,0%,
OL-002060,ORD-2025-01489,24-Nov-2025,C0214,Consumer,Jaipur,Rajasthan,P055,CookCraft Induction Cooktop,Home & Kitchen,Kitchen,CookCraft,MOBILE APP,Upi,1,"₹9,602.62","₹5,775.47",15%,₹0.00,27-Nov-2025,Not Returned,,,0,0%,3.0
OL-002103,ORD-2025-01523,10-Nov-2025,C0329,Consumer,Kozhikode,Kerala,P012,AuraStyle Casual Top,Fashion,Women's Clothing,AuraStyle,Website,CREDIT CARD,1,"₹2,490.33","₹1,247.93",25%,₹49.00,14-Nov-2025,No,,,0,0%,3.0
OL-002119,ORD-2025-01537,26-Nov-2025,C0021,Home Office,Thiruvananthapuram,Kerala,P103,InsightPress SQL Practice Workbook,Books,Books,InsightPress,Marketplace,CREDIT CARD,1,₹836.67,₹330.48,25%,₹99.00,04-Dec-2025,N,,,0,0%,
OL-002121,ORD-2025-01539,10-Nov-2025,C0396,Corporate,Siliguri,West Bengal,P084,FitForge Skipping Rope,Sports,Fitness,FitForge,WEBSITE,Credit Card,1,₹702.49,₹296.67,15%,₹39.00,15-Nov-2025,Returned,23-Nov-2025,Changed Mind,1,0%,
OL-002127,ORD-2025-01544,21-Nov-2025,C0581,Consumer,Surat,Gujarat,P100,SkillLeaf The Productivity System,Books,Books,SkillLeaf,WEBSITE,UPI,2,₹610.53,₹247.93,10%,₹49.00,26-Nov-2025,Not Returned,,,0,0%,
OL-002131,ORD-2025-01547,17-Nov-2025,C0067,Consumer,Chandigarh,Punjab,P072,BloomSkin Lip Care Combo,Beauty,Skin Care,BloomSkin,MOBILE APP,Credit Card,1,"₹1,553.74",₹648.65,15%,₹79.00,21-Nov-2025,Not Returned,,,0,0%,3.0
OL-002133,ORD-2025-01549,19-Nov-2025,C0457,Corporate,Bengaluru,Karnataka,P086,MoveMax Workout Gloves,Sports,Fitness,MoveMax,MOBILE APP,UPI,1,"₹4,080.37","₹1,613.19",20%,₹0.00,22-Nov-2025,no,,,0,0%,4.0
OL-002176,ORD-2025-01573,27-Nov-2025,C0141,Consumer,Hyderabad,Telangana,P038,NexCharge Car Phone Mount,Electronics,Mobile Accessories,NexCharge,MOBILE APP,upi,1,₹698.38,₹340.28,10%,₹79.00,01-Dec-2025,No,,,0,0%,
OL-002180,ORD-2025-01577,18-Nov-2025,C0716,Consumer,Kolkata,West Bengal,P002,NorthLane Slim Fit Jeans,Fashion,Men's Clothing,NorthLane,Website,UPI,2,"₹1,154.63",₹591.59,30%,₹59.00,25-Nov-2025,No,,,0,0%,
OL-002181,ORD-2025-01578,15-Nov-2025,C0276,Corporate,Madurai,Tamil Nadu,P066,DermaNest Hydrating Face Wash,Beauty,Skin Care,DermaNest,MARKETPLACE,Cash on Delivery,1,"₹2,453.00","₹1,186.47",15%,₹49.00,22-Nov-2025,Yes,17-Dec-2025,quality issue,1,0%,
OL-002186,ORD-2025-01582,03-Nov-2025,C0700,Consumer,Chennai,Tamil Nadu,P023,AeroStep Slip-On Sneakers,Fashion,Footwear,AeroStep,Offline Store,Credit Card,1,"₹3,636.54","₹2,443.63",15%,₹0.00,04-Nov-2025,Yes,15-Nov-2025,Wrong Item,1,0%,
OL-002191,ORD-2025-01587,02-Nov-2025,C0442,Consumer,Ludhiana,Punjab,P015,MiraMode Printed Maxi Dress,Fashion,Women's Clothing,MiraMode,WEBSITE,UPI,1,"₹3,609.99","₹2,122.23",20%,₹0.00,05-Nov-2025,yes,23-Nov-2025,Wrong size,1,5%,
OL-002192,ORD-2025-01587,02-Nov-2025,C0442,Consumer,Ludhiana,Punjab,P045,PixelNest Streaming Stick,Electronics,Smart Devices,PixelNest,Website,Upi,1,"₹5,448.25","₹4,170.85",20%,₹0.00,05-Nov-2025,No,,,0,0%,
OL-002211,ORD-2025-01602,28-Nov-2025,C0451,Consumer,Jodhpur,Rajasthan,P086,MoveMax Workout Gloves,Sports,Fitness,MoveMax,Website,Debit Card,1,"₹3,717.43","₹1,613.19",30%,₹0.00,04-Dec-2025,Yes,15-Dec-2025,damaged product,1,0%,2.0
OL-002212,ORD-2025-01602,28-Nov-2025,C0451,Consumer,Jodhpur,Rajasthan,P012,AuraStyle Casual Top,Fashion,Women's Clothing,AuraStyle,WEBSITE,Debit Card,2,"₹2,636.29","₹1,247.93",25%,₹0.00,01-Dec-2025,No,,,0,0%,
OL-002232,ORD-2025-01618,13-Nov-2025,C0297,Consumer,Warangal,Telangana,P057,NestLoom Bedsheet Set,Home & Kitchen,Home Furnishing,NestLoom,Offline Store,UPI,1,"₹3,406.39","₹1,790.83",25%,₹0.00,13-Nov-2025,no,,,0,0%,5.0
OL-002236,ORD-2025-01620,20-Nov-2025,C0764,Home Office,Kolkata,West Bengal,P001,UrbanThread Classic Fit Shirt,Fashion,Men's Clothing,UrbanThread,Website,Credit Card,1,"₹1,979.75","₹1,197.48",20%,₹59.00,25-Nov-2025,no,,,0,0%,5.0
OL-002244,ORD-2025-01626,08-Nov-2025,C0823,Consumer,New Delhi,Delhi,P039,ConnectPro Screen Protector Pack,Electronics,Mobile Accessories,ConnectPro,WEBSITE,Credit Card,3,"₹2,916.96","₹1,872.80",20%,₹0.00,14-Nov-2025,Returned,08-Dec-2025,damaged product,3,0%,1.0
OL-002245,ORD-2025-01626,08-Nov-2025,C0823,Consumer,New Delhi,Delhi,P062,NestLoom Floor Mat Set,Home & Kitchen,Home Furnishing,NestLoom,website,credit card,3,"₹3,503.01","₹1,409.58",20%,₹0.00,12-Nov-2025,Y,24-Nov-2025,changed mind,3,5%,2.0
OL-002247,ORD-2025-01628,26-Nov-2025,C0799,Consumer,Thiruvananthapuram,Kerala,P020,FootNest Flat Sandals,Fashion,Footwear,FootNest,Website,Upi,1,"₹2,521.05","₹1,191.67",25%,₹0.00,01-Dec-2025,no,,,0,0%,
OL-002261,ORD-2025-01639,06-Nov-2025,C0288,Consumer,Lucknow,Uttar Pradesh,P052,CookCraft Storage Container Set,Home & Kitchen,Kitchen,CookCraft,MOBILE APP,upi,2,"₹4,632.61","₹2,633.10",15%,₹0.00,11-Nov-2025,Returned,02-Dec-2025,Changed mind,2,5%,
OL-002262,ORD-2025-01639,06-Nov-2025,C0288,Consumer,Lucknow,Uttar Pradesh,P009,VelvetLeaf Floral Midi Dress,Fashion,Women's Clothing,VelvetLeaf,mobile app,Upi,3,"₹1,684.33","₹1,003.66",15%,₹0.00,09-Nov-2025,no,,,0,0%,
OL-002269,ORD-2025-01644,21-Nov-2025,C0331,Corporate,Siliguri,West Bengal,P057,NestLoom Bedsheet Set,Home & Kitchen,Home Furnishing,NestLoom,marketplace,Debit Card,1,"₹3,787.76","₹1,790.83",15%,₹0.00,26-Nov-2025,Yes,04-Dec-2025,Wrong item,1,0%,4.0
OL-002270,ORD-2025-01644,21-Nov-2025,C0331,Corporate,Siliguri,West Bengal,P013,MiraMode Knitted Cardigan,Fashion,Women's Clothing,MiraMode,MARKETPLACE,DEBIT CARD,2,"₹2,427.76","₹1,293.51",10%,₹0.00,29-Nov-2025,N,,,0,0%,
OL-002281,ORD-2025-01652,16-Nov-2025,C0596,Corporate,Siliguri,West Bengal,P029,SonicBay Gaming Headset,Electronics,Audio,SonicBay,Marketplace,wallet,1,"₹9,126.29","₹6,260.57",15%,₹0.00,22-Nov-2025,Not Returned,,,0,0%,5.0
OL-002282,ORD-2025-01652,16-Nov-2025,C0596,Corporate,Siliguri,West Bengal,P072,BloomSkin Lip Care Combo,Beauty,Skin Care,BloomSkin,Marketplace,Wallet,3,"₹1,542.14",₹648.65,5%,₹0.00,25-Nov-2025,No,,,0,0%,
OL-002287,ORD-2025-01654,09-Nov-2025,C0428,Consumer,Siliguri,West Bengal,P019,AeroStep Walking Shoes,Fashion,Footwear,AeroStep,Marketplace,wallet,3,"₹1,126.23",₹531.47,20%,₹0.00,14-Nov-2025,Not Returned,,,0,0%,3.0
OL-002288,ORD-2025-01654,09-Nov-2025,C0428,Consumer,Siliguri,West Bengal,P017,StrideX Running Sneakers,Fashion,Footwear,StrideX,Marketplace,wallet,1,"₹4,146.88","₹2,445.58",30%,₹0.00,13-Nov-2025,Returned,29-Nov-2025,Wrong size,1,0%,
OL-002289,ORD-2025-01654,09-Nov-2025,C0428,Consumer,Siliguri,West Bengal,P032,SonicBay Studio Headphones,Electronics,Audio,SonicBay,Marketplace,wallet,1,"₹1,552.34","₹1,085.23",25%,₹39.00,15-Nov-2025,N,,,0,0%,5.0
OL-002315,ORD-2025-01674,22-Nov-2025,C0484,Consumer,Kolkata,West Bengal,P060,SoftHaven Cotton Towel Set,Home & Kitchen,Home Furnishing,SoftHaven,Mobile App,UPI,2,"₹1,973.74",₹789.33,20%,₹0.00,26-Nov-2025,no,,,0,0%,5.0
OL-002316,ORD-2025-01675,19-Nov-2025,C0401,Corporate,Jabalpur,Madhya Pradesh,P074,GlowEase Trimmer Kit,Beauty,Personal Care,GlowEase,MOBILE APP,credit card,1,"₹2,015.19","₹1,072.86",20%,₹49.00,24-Nov-2025,N,,,0,0%,
OL-002357,ORD-2025-01700,12-Nov-2025,C0206,Consumer,Hyderabad,Telangana,P030,VoltAudio Portable Speaker,Electronics,Audio,VoltAudio,WEBSITE,Debit Card,1,"₹11,071.27","₹6,811.90",15%,₹0.00,18-Nov-2025,yes,21-Nov-2025,Changed mind,1,10%,5.0
OL-002358,ORD-2025-01700,12-Nov-2025,C0206,Consumer,Hyderabad,Telangana,P090,WildRoute Insulated Water Bottle,Sports,Outdoor,WildRoute,Website,Debit Card,1,"₹1,963.28",₹949.59,5%,₹39.00,14-Nov-2025,N,,,0,0%,
OL-002363,ORD-2025-01705,07-Nov-2025,C0409,Consumer,Thiruvananthapuram,Kerala,P053,KitchenRoot Air Fryer,Home & Kitchen,Kitchen,KitchenRoot,WEBSITE,CREDIT CARD,3,"₹9,881.18","₹5,632.33",20%,₹0.00,09-Nov-2025,No,,,0,0%,4.0
OL-002364,ORD-2025-01705,07-Nov-2025,C0409,Consumer,Thiruvananthapuram,Kerala,P073,GlowEase Hair Dryer,Beauty,Personal Care,GlowEase,Website,Credit Card,3,"₹2,057.09","₹1,011.23",10%,₹0.00,12-Nov-2025,N,,,0,0%,5.0
OL-002404,ORD-2025-01729,29-Nov-2025,C0729,Consumer,Pune,Maharashtra,P053,KitchenRoot Air Fryer,Home & Kitchen,Kitchen,KitchenRoot,Mobile App,Credit Card,2,"₹10,258.53","₹5,632.33",10%,₹0.00,01-Dec-2025,Not Returned,,,0,0%,4.0
OL-002406,ORD-2025-01731,24-Nov-2025,C0012,Home Office,Ludhiana,Punjab,P033,VoltEdge Fast Charging Adapter,Electronics,Mobile Accessories,VoltEdge,Website,debit card,1,"₹3,351.27","₹1,702.67",10%,₹0.00,29-Nov-2025,yes,13-Dec-2025,Damaged Product,1,0%,
OL-002411,ORD-2025-01735,16-Nov-2025,C0397,Corporate,Chennai,Tamil Nadu,P001,UrbanThread Classic Fit Shirt,Fashion,Men's Clothing,UrbanThread,mobile app,upi,1,"₹1,947.69","₹1,197.48",30%,₹79.00,19-Nov-2025,Not Returned,,,0,0%,
OL-002412,ORD-2025-01735,16-Nov-2025,C0397,Corporate,Chennai,Tamil Nadu,P054,HomeFlame Sandwich Maker,Home & Kitchen,Kitchen,HomeFlame,MOBILE APP,Upi,1,"₹9,277.23","₹6,033.47",15%,₹0.00,19-Nov-2025,Not Returned,,,0,0%,2.0
OL-002413,ORD-2025-01735,16-Nov-2025,C0397,Corporate,Chennai,Tamil Nadu,P010,AuraStyle High Rise Jeans,Fashion,Women's Clothing,AuraStyle,Mobile App,upi,1,"₹1,484.88",₹619.70,10%,₹99.00,21-Nov-2025,N,,,0,0%,
OL-002437,ORD-2025-01750,27-Nov-2025,C0090,Consumer,Bengaluru,Karnataka,P009,VelvetLeaf Floral Midi Dress,Fashion,Women's Clothing,VelvetLeaf,MOBILE APP,Debit Card,1,"₹1,607.77","₹1,003.66",10%,₹79.00,30-Nov-2025,Yes,19-Dec-2025,Wrong size,1,0%,2.0
OL-002460,ORD-2025-01767,20-Nov-2025,C0194,Consumer,New Delhi,Delhi,P085,FitForge Foam Roller,Sports,Fitness,FitForge,MARKETPLACE,Debit Card,1,"₹3,352.06","₹1,433.02",15%,₹0.00,27-Nov-2025,No,,,0,0%,5.0
OL-002484,ORD-2025-01785,30-Nov-2025,C0294,Corporate,Kozhikode,Kerala,P013,MiraMode Knitted Cardigan,Fashion,Women's Clothing,MiraMode,Mobile App,UPI,1,"₹2,344.79","₹1,293.51",30%,₹59.00,02-Dec-2025,Not Returned,,,0,0%,
OL-002485,ORD-2025-01786,01-Nov-2025,C0420,Home Office,Thiruvananthapuram,Kerala,P087,MoveMax Kettlebell,Sports,Fitness,MoveMax,Marketplace,UPI,1,"₹8,059.18","₹4,195.76",15%,₹0.00,04-Nov-2025,no,,,0,0%,
OL-002501,ORD-2025-01798,09-Nov-2025,C0674,Consumer,Thiruvananthapuram,Kerala,P010,AuraStyle High Rise Jeans,Fashion,Women's Clothing,AuraStyle,MARKETPLACE,Upi,1,"₹1,482.89",₹619.70,30%,₹49.00,14-Nov-2025,Yes,28-Nov-2025,Wrong Size,1,0%,1.0
OL-002510,ORD-2025-01805,07-Nov-2025,C0312,Consumer,Kozhikode,Kerala,P022,AeroStep Training Shoes,Fashion,Footwear,AeroStep,WEBSITE,Cash on Delivery,1,"₹4,553.65","₹2,516.74",30%,₹0.00,13-Nov-2025,No,,,0,0%,
OL-002545,ORD-2025-01831,03-Nov-2025,C0544,Consumer,Hyderabad,Telangana,P103,InsightPress SQL Practice Workbook,Books,Books,InsightPress,Website,UPI,2,₹830.68,₹330.48,30%,₹79.00,07-Nov-2025,Not Returned,,,0,0%,
OL-002546,ORD-2025-01831,03-Nov-2025,C0544,Consumer,Hyderabad,Telangana,P010,AuraStyle High Rise Jeans,Fashion,Women's Clothing,AuraStyle,website,Upi,3,"₹1,577.14",₹619.70,25%,₹0.00,09-Nov-2025,Not Returned,,,0,0%,
OL-002547,ORD-2025-01832,26-Nov-2025,C0599,Corporate,Jaipur,Rajasthan,P021,FootNest Block Heel Sandals,Fashion,Footwear,FootNest,marketplace,Credit Card,2,"₹4,550.81","₹2,846.55",25%,₹0.00,30-Nov-2025,N,,,0,0%,4.0
OL-002550,ORD-2025-01835,18-Nov-2025,C0098,Consumer,Warangal,Telangana,P050,KitchenRoot Mixer Grinder,Home & Kitchen,Kitchen,KitchenRoot,Marketplace,Cash on Delivery,1,"₹3,111.23","₹2,042.70",25%,₹0.00,24-Nov-2025,yes,07-Dec-2025,quality issue,1,5%,
OL-002551,ORD-2025-01835,18-Nov-2025,C0098,Consumer,Warangal,Telangana,P007,CivicWear Stretch Denim Jeans,Fashion,Men's Clothing,CivicWear,marketplace,cash on delivery,1,"₹3,213.80","₹1,748.24",10%,₹0.00,26-Nov-2025,Returned,15-Dec-2025,wrong size,1,0%,1.0
OL-002554,ORD-2025-01837,13-Nov-2025,C0646,Consumer,Indore,Madhya Pradesh,P091,TrailPeak Camping Lantern,Sports,Outdoor,TrailPeak,MARKETPLACE,CREDIT CARD,1,"₹3,295.63","₹2,114.07",5%,₹0.00,21-Nov-2025,No,,,0,0%,4.0
OL-002580,ORD-2025-01856,16-Nov-2025,C0002,Consumer,Nashik,Maharashtra,P074,GlowEase Trimmer Kit,Beauty,Personal Care,GlowEase,Mobile App,Credit Card,1,"₹2,084.11","₹1,072.86",15%,₹39.00,20-Nov-2025,Returned,15-Dec-2025,Damaged Product,1,0%,
OL-002585,ORD-2025-01860,24-Nov-2025,C0477,Corporate,Bengaluru,Karnataka,P019,AeroStep Walking Shoes,Fashion,Footwear,AeroStep,OFFLINE STORE,Credit Card,1,"₹1,091.15",₹531.47,30%,₹0.00,27-Nov-2025,Yes,19-Dec-2025,wrong size,1,0%,2.0
OL-002587,ORD-2025-01862,04-Nov-2025,C0698,Corporate,Jodhpur,Rajasthan,P067,DermaNest SPF 50 Sunscreen,Beauty,Skin Care,DermaNest,website,upi,1,"₹1,795.22",₹875.79,10%,₹99.00,11-Nov-2025,No,,,0,0%,5.0
OL-002589,ORD-2025-01864,25-Nov-2025,C0286,Home Office,Jodhpur,Rajasthan,P002,NorthLane Slim Fit Jeans,Fashion,Men's Clothing,NorthLane,Website,upi,1,"₹1,166.26",₹591.59,0%,₹39.00,01-Dec-2025,Not Returned,,,0,0%,
OL-002599,ORD-2025-01872,13-Nov-2025,C0627,Corporate,Surat,Gujarat,P070,PureGlow Body Lotion,Beauty,Skin Care,PureGlow,Mobile App,Debit Card,1,"₹2,378.15",₹835.56,5%,₹99.00,17-Nov-2025,Not Returned,,,0,0%,
OL-002600,ORD-2025-01872,13-Nov-2025,C0627,Corporate,Surat,Gujarat,P098,BrightPage Personal Finance Basics,Books,Books,BrightPage,Mobile App,Debit Card,1,"₹1,172.40",₹379.22,10%,₹39.00,15-Nov-2025,no,,,0,0%,4.0
OL-002601,ORD-2025-01872,13-Nov-2025,C0627,Corporate,Surat,Gujarat,P071,DermaNest Clay Face Mask,Beauty,Skin Care,DermaNest,Mobile App,debit card,2,₹929.57,₹349.54,5%,₹39.00,15-Nov-2025,N,,,0,0%,
OL-002605,ORD-2025-01875,30-Nov-2025,C0354,Corporate,Surat,Gujarat,P066,DermaNest Hydrating Face Wash,Beauty,Skin Care,DermaNest,MOBILE APP,debit card,1,"₹2,414.31","₹1,186.47",10%,₹79.00,04-Dec-2025,N,,,0,0%,
OL-002610,ORD-2025-01879,20-Nov-2025,C0707,Consumer,Hyderabad,Telangana,P040,VoltEdge Travel Adapter,Electronics,Mobile Accessories,VoltEdge,Website,Credit Card,1,₹848.60,₹555.01,10%,₹79.00,27-Nov-2025,Not Returned,,,0,0%,
OL-002611,ORD-2025-01879,20-Nov-2025,C0707,Consumer,Hyderabad,Telangana,P011,MiraMode Cotton Kurta Set,Fashion,Women's Clothing,MiraMode,Website,CREDIT CARD,1,"₹3,851.44","₹1,679.04",15%,₹0.00,26-Nov-2025,no,,,0,0%,4.0
OL-002627,ORD-2025-01892,24-Nov-2025,C0043,Consumer,Siliguri,West Bengal,P012,AuraStyle Casual Top,Fashion,Women's Clothing,AuraStyle,Marketplace,UPI,1,"₹2,375.09","₹1,247.93",15%,₹59.00,29-Nov-2025,yes,08-Dec-2025,Product Not as Expected,1,0%,1.0
OL-002628,ORD-2025-01893,04-Nov-2025,C0238,Consumer,Jodhpur,Rajasthan,P088,FitForge Core Slider Set,Sports,Fitness,FitForge,MARKETPLACE,UPI,1,"₹4,620.76","₹2,278.33",10%,₹0.00,13-Nov-2025,Yes,09-Dec-2025,wrong item,1,5%,2.0
OL-002658,ORD-2025-01916,22-Nov-2025,C0492,Consumer,New Delhi,Delhi,P007,CivicWear Stretch Denim Jeans,Fashion,Men's Clothing,CivicWear,Marketplace,Wallet,1,"₹3,266.00","₹1,748.24",25%,₹0.00,28-Nov-2025,Not Returned,,,0,0%,4.0
OL-002662,ORD-2025-01920,11-Nov-2025,C0477,Corporate,Bengaluru,Karnataka,P018,StrideX Casual Loafers,Fashion,Footwear,StrideX,Offline Store,Debit Card,1,"₹3,265.40","₹1,816.29",15%,₹0.00,13-Nov-2025,Yes,01-Dec-2025,Wrong Size,1,0%,1.0
OL-002697,ORD-2025-01946,23-Nov-2025,C0015,Corporate,Amritsar,Punjab,P032,SonicBay Studio Headphones,Electronics,Audio,SonicBay,Marketplace,wallet,3,"₹1,548.26","₹1,085.23",25%,₹0.00,29-Nov-2025,Not Returned,,,0,0%,4.0
OL-002698,ORD-2025-01946,23-Nov-2025,C0015,Corporate,Amritsar,Punjab,P052,CookCraft Storage Container Set,Home & Kitchen,Kitchen,CookCraft,marketplace,WALLET,1,"₹4,679.20","₹2,633.10",25%,₹0.00,01-Dec-2025,Not Returned,,,0,0%,5.0
OL-002704,ORD-2025-01951,02-Nov-2025,C0354,Corporate,Surat,Gujarat,P052,CookCraft Storage Container Set,Home & Kitchen,Kitchen,CookCraft,MOBILE APP,Debit Card,2,"₹4,895.01","₹2,633.10",0%,₹0.00,08-Nov-2025,No,,,0,0%,
OL-002723,ORD-2025-01962,30-Nov-2025,C0319,Consumer,New Delhi,Delhi,P097,SkillLeaf Data Analytics Handbook,Books,Books,SkillLeaf,Website,Net Banking,1,₹702.36,₹249.11,20%,₹39.00,05-Dec-2025,No,,,0,0%,
OL-002724,ORD-2025-01963,15-Nov-2025,C0820,Consumer,Kolkata,West Bengal,P038,NexCharge Car Phone Mount,Electronics,Mobile Accessories,NexCharge,MARKETPLACE,Upi,1,₹681.31,₹340.28,25%,₹59.00,20-Nov-2025,no,,,0,0%,
OL-002739,ORD-2025-01973,28-Nov-2025,C0493,Consumer,Vadodara,Gujarat,P052,CookCraft Storage Container Set,Home & Kitchen,Kitchen,CookCraft,Marketplace,Upi,1,"₹4,754.31","₹2,633.10",15%,₹0.00,05-Dec-2025,Returned,01-Jan-2026,Damaged Product,1,0%,3.0
OL-002747,ORD-2025-01979,17-Nov-2025,C0225,Corporate,Bengaluru,Karnataka,P030,VoltAudio Portable Speaker,Electronics,Audio,VoltAudio,MARKETPLACE,debit card,3,"₹11,490.71","₹6,811.90",10%,₹0.00,22-Nov-2025,No,,,0,0%,
OL-002754,ORD-2025-01984,18-Nov-2025,C0199,Consumer,Bengaluru,Karnataka,P098,BrightPage Personal Finance Basics,Books,Books,BrightPage,Mobile App,UPI,1,"₹1,162.76",₹379.22,20%,₹79.00,23-Nov-2025,Returned,26-Nov-2025,Late Delivery,1,0%,2.0
OL-002755,ORD-2025-01984,18-Nov-2025,C0199,Consumer,Bengaluru,Karnataka,P024,FootNest Formal Oxford Shoes,Fashion,Footwear,FootNest,Mobile App,upi,2,"₹4,111.31","₹2,201.04",25%,₹0.00,23-Nov-2025,N,,,0,0%,
OL-002763,ORD-2025-01990,03-Nov-2025,C0722,Consumer,Warangal,Telangana,P030,VoltAudio Portable Speaker,Electronics,Audio,VoltAudio,website,Cash on Delivery,2,"₹11,532.06","₹6,811.90",0%,₹0.00,09-Nov-2025,N,,,0,0%,5.0
OL-002778,ORD-2025-02002,08-Nov-2025,C0671,Consumer,Nashik,Maharashtra,P045,PixelNest Streaming Stick,Electronics,Smart Devices,PixelNest,Mobile App,Debit Card,2,"₹5,626.94","₹4,170.85",25%,₹0.00,13-Nov-2025,Not Returned,,,0,0%,4.0
OL-002786,ORD-2025-02009,02-Nov-2025,C0779,Consumer,Kolkata,West Bengal,P060,SoftHaven Cotton Towel Set,Home & Kitchen,Home Furnishing,SoftHaven,mobile app,WALLET,1,"₹1,977.88",₹789.33,10%,₹59.00,06-Nov-2025,Y,18-Nov-2025,Product Not as Expected,1,10%,1.0
OL-002819,ORD-2025-02031,25-Nov-2025,C0676,Home Office,Udaipur,Rajasthan,P058,NestLoom Blackout Curtains,Home & Kitchen,Home Furnishing,NestLoom,website,UPI,1,"₹4,328.14","₹2,429.60",15%,₹0.00,29-Nov-2025,Not Returned,,,0,0%,
OL-002820,ORD-2025-02031,25-Nov-2025,C0676,Home Office,Udaipur,Rajasthan,P038,NexCharge Car Phone Mount,Electronics,Mobile Accessories,NexCharge,Website,UPI,1,₹624.78,₹340.28,30%,₹39.00,02-Dec-2025,N,,,0,0%,5.0
OL-002843,ORD-2025-02050,14-Nov-2025,C0836,Home Office,New Delhi,Delhi,P087,MoveMax Kettlebell,Sports,Fitness,MoveMax,WEBSITE,upi,4,"₹8,308.64","₹4,195.76",10%,₹0.00,20-Nov-2025,Not Returned,,,0,0%,
OL-002844,ORD-2025-02050,14-Nov-2025,C0836,Home Office,New Delhi,Delhi,P100,SkillLeaf The Productivity System,Books,Books,SkillLeaf,Website,UPI,1,₹575.20,₹247.93,25%,₹59.00,16-Nov-2025,No,,,0,0%,5.0
OL-002847,ORD-2025-02053,26-Nov-2025,C0164,Corporate,Kochi,Kerala,P054,HomeFlame Sandwich Maker,Home & Kitchen,Kitchen,HomeFlame,offline store,UPI,1,"₹9,598.87","₹6,033.47",30%,₹0.00,28-Nov-2025,Returned,24-Dec-2025,damaged product,1,5%,
OL-002871,ORD-2025-02071,15-Nov-2025,C0050,Corporate,Vadodara,Gujarat,P040,VoltEdge Travel Adapter,Electronics,Mobile Accessories,VoltEdge,Website,upi,1,₹863.73,₹555.01,10%,₹79.00,20-Nov-2025,Not Returned,,,0,0%,
OL-002877,ORD-2025-02075,03-Nov-2025,C0014,Corporate,Nashik,Maharashtra,P053,KitchenRoot Air Fryer,Home & Kitchen,Kitchen,KitchenRoot,WEBSITE,cash on delivery,1,"₹9,623.85","₹5,632.33",25%,₹0.00,08-Nov-2025,No,,,0,0%,
OL-002884,ORD-2025-02081,26-Nov-2025,C0243,Consumer,Warangal,Telangana,P091,TrailPeak Camping Lantern,Sports,Outdoor,TrailPeak,Mobile App,UPI,1,"₹3,640.75","₹2,114.07",25%,₹0.00,02-Dec-2025,no,,,0,0%,
OL-002893,ORD-2025-02089,20-Nov-2025,C0072,Corporate,Kolkata,West Bengal,P006,UrbanThread Printed Casual Shirt,Fashion,Men's Clothing,UrbanThread,Website,Upi,1,"₹2,856.43","₹1,292.17",10%,₹0.00,24-Nov-2025,No,,,0,0%,
OL-002894,ORD-2025-02089,20-Nov-2025,C0072,Corporate,Kolkata,West Bengal,P009,VelvetLeaf Floral Midi Dress,Fashion,Women's Clothing,VelvetLeaf,Website,UPI,1,"₹1,778.08","₹1,003.66",10%,₹49.00,26-Nov-2025,Not Returned,,,0,0%,
OL-002895,ORD-2025-02090,19-Nov-2025,C0544,Consumer,Hyderabad,Telangana,P076,GlowEase Electric Toothbrush,Beauty,Personal Care,GlowEase,MARKETPLACE,Upi,1,"₹5,231.79","₹3,182.34",25%,₹0.00,22-Nov-2025,Not Returned,,,0,0%,
OL-002904,ORD-2025-02098,24-Nov-2025,C0836,Home Office,New Delhi,Delhi,P013,MiraMode Knitted Cardigan,Fashion,Women's Clothing,MiraMode,MOBILE APP,Upi,1,"₹2,271.93","₹1,293.51",10%,₹39.00,28-Nov-2025,Returned,09-Dec-2025,Not As Expected,1,10%,
OL-002929,ORD-2025-02116,16-Nov-2025,C0735,Consumer,Jaipur,Rajasthan,P088,FitForge Core Slider Set,Sports,Fitness,FitForge,marketplace,DEBIT CARD,1,"₹5,007.64","₹2,278.33",20%,₹0.00,25-Nov-2025,No,,,0,0%,5.0
OL-002951,ORD-2025-02133,15-Nov-2025,C0047,Consumer,Amritsar,Punjab,P047,HomeSync Digital Photo Frame,Electronics,Smart Devices,HomeSync,MARKETPLACE,UPI,1,"₹3,245.03","₹1,997.47",10%,₹0.00,18-Nov-2025,Yes,26-Nov-2025,Damaged Product,1,0%,1.0
OL-002971,ORD-2025-02146,19-Nov-2025,C0108,Corporate,Mumbai,Maharashtra,P038,NexCharge Car Phone Mount,Electronics,Mobile Accessories,NexCharge,Offline Store,debit card,1,₹679.45,₹340.28,20%,₹0.00,20-Nov-2025,Yes,15-Dec-2025,Defective Product,1,0%,3.0
OL-002996,ORD-2025-02166,04-Nov-2025,C0396,Corporate,Siliguri,West Bengal,P040,VoltEdge Travel Adapter,Electronics,Mobile Accessories,VoltEdge,MOBILE APP,UPI,1,₹830.19,₹555.01,25%,₹59.00,07-Nov-2025,Not Returned,,,0,0%,
OL-003040,ORD-2025-02196,05-Nov-2025,C0202,Consumer,Vadodara,Gujarat,P078,GroomLab Facial Cleansing Brush,Beauty,Personal Care,GroomLab,website,CREDIT CARD,2,"₹5,559.25","₹2,730.99",5%,₹0.00,11-Nov-2025,Not Returned,,,0,0%,4.0
OL-003071,ORD-2025-02215,17-Nov-2025,C0627,Corporate,Surat,Gujarat,P015,MiraMode Printed Maxi Dress,Fashion,Women's Clothing,MiraMode,marketplace,UPI,1,"₹3,558.94","₹2,122.23",20%,₹0.00,24-Nov-2025,Not Returned,,,0,0%,4.0
OL-003072,ORD-2025-02215,17-Nov-2025,C0627,Corporate,Surat,Gujarat,P001,UrbanThread Classic Fit Shirt,Fashion,Men's Clothing,UrbanThread,Marketplace,upi,2,"₹2,078.54","₹1,197.48",25%,₹0.00,22-Nov-2025,Returned,01-Dec-2025,Wrong Size,2,0%,
OL-003075,ORD-2025-02218,13-Nov-2025,C0635,Consumer,Kolkata,West Bengal,P075,GroomLab Hair Straightener,Beauty,Personal Care,GroomLab,website,Credit Card,1,"₹3,650.58","₹1,901.20",25%,₹0.00,20-Nov-2025,Y,16-Dec-2025,product not as expected,1,0%,4.0
OL-003076,ORD-2025-02218,13-Nov-2025,C0635,Consumer,Kolkata,West Bengal,P053,KitchenRoot Air Fryer,Home & Kitchen,Kitchen,KitchenRoot,website,Credit Card,1,"₹10,311.61","₹5,632.33",15%,₹0.00,16-Nov-2025,Not Returned,,,0,0%,5.0
OL-003084,ORD-2025-02225,05-Nov-2025,C0721,Consumer,Siliguri,West Bengal,P051,KitchenRoot Electric Kettle,Home & Kitchen,Kitchen,KitchenRoot,offline store,DEBIT CARD,1,"₹7,348.42","₹4,395.70",15%,₹0.00,05-Nov-2025,N,,,0,0%,4.0
OL-003085,ORD-2025-02225,05-Nov-2025,C0721,Consumer,Siliguri,West Bengal,P035,VoltEdge USB-C Cable Pack,Electronics,Mobile Accessories,VoltEdge,offline store,DEBIT CARD,1,"₹1,672.73","₹1,086.77",20%,₹0.00,06-Nov-2025,no,,,0,0%,
OL-003094,ORD-2025-02231,13-Nov-2025,C0271,Consumer,Thiruvananthapuram,Kerala,P068,DermaNest Night Repair Cream,Beauty,Skin Care,DermaNest,Marketplace,wallet,1,"₹1,081.89",₹376.87,10%,₹49.00,22-Nov-2025,Yes,29-Nov-2025,Quality Issue,1,0%,
OL-003144,ORD-2025-02267,25-Nov-2025,C0195,Corporate,Jabalpur,Madhya Pradesh,P075,GroomLab Hair Straightener,Beauty,Personal Care,GroomLab,Website,DEBIT CARD,1,"₹3,701.14","₹1,901.20",20%,₹0.00,28-Nov-2025,no,,,0,0%,
OL-003151,ORD-2025-02271,22-Nov-2025,C0014,Corporate,Nashik,Maharashtra,P041,PixelNest Smart Watch,Electronics,Smart Devices,PixelNest,WEBSITE,Cash on Delivery,2,"₹16,517.40","₹10,108.00",15%,₹0.00,27-Nov-2025,no,,,0,0%,
OL-003156,ORD-2025-02275,01-Nov-2025,C0227,Corporate,Bhopal,Madhya Pradesh,P002,NorthLane Slim Fit Jeans,Fashion,Men's Clothing,NorthLane,MOBILE APP,Debit Card,1,"₹1,164.19",₹591.59,25%,₹39.00,07-Nov-2025,no,,,0,0%,
OL-003171,ORD-2025-02286,15-Nov-2025,C0591,Home Office,Bhopal,Madhya Pradesh,P022,AeroStep Training Shoes,Fashion,Footwear,AeroStep,website,CREDIT CARD,2,"₹4,454.02","₹2,516.74",25%,₹0.00,21-Nov-2025,No,,,0,0%,2.0
OL-003178,ORD-2025-02292,18-Nov-2025,C0549,Consumer,Kochi,Kerala,P043,HomeSync Wi-Fi Security Camera,Electronics,Smart Devices,HomeSync,mobile app,WALLET,2,"₹18,770.51","₹13,144.70",20%,₹0.00,20-Nov-2025,No,,,0,0%,4.0
OL-003187,ORD-2025-02297,24-Nov-2025,C0359,Home Office,Hyderabad,Telangana,P061,CasaBloom Decorative Cushion Set,Home & Kitchen,Home Furnishing,CasaBloom,mobile app,upi,1,"₹5,145.93","₹2,867.87",15%,₹0.00,28-Nov-2025,no,,,0,0%,
OL-003188,ORD-2025-02298,11-Nov-2025,C0850,Corporate,New Delhi,Delhi,P071,DermaNest Clay Face Mask,Beauty,Skin Care,DermaNest,mobile app,Credit Card,3,₹898.09,₹349.54,10%,₹0.00,15-Nov-2025,Not Returned,,,0,0%,
OL-003196,ORD-2025-02306,17-Nov-2025,C0598,Consumer,Ludhiana,Punjab,P098,BrightPage Personal Finance Basics,Books,Books,BrightPage,MOBILE APP,upi,1,"₹1,176.78",₹379.22,0%,₹49.00,23-Nov-2025,Not Returned,,,0,0%,
OL-003208,ORD-2025-02316,16-Nov-2025,C0346,Corporate,Chennai,Tamil Nadu,P003,UrbanThread Cotton Polo T-Shirt,Fashion,Men's Clothing,UrbanThread,Website,debit card,1,"₹1,909.39","₹1,128.89",30%,₹39.00,22-Nov-2025,Yes,12-Dec-2025,Wrong Size,1,5%,
OL-003209,ORD-2025-02316,16-Nov-2025,C0346,Corporate,Chennai,Tamil Nadu,P036,ConnectPro Phone Case,Electronics,Mobile Accessories,ConnectPro,Website,debit card,1,"₹1,307.36",₹797.74,20%,₹99.00,19-Nov-2025,N,,,0,0%,
OL-003216,ORD-2025-02323,02-Nov-2025,C0612,Home Office,Surat,Gujarat,P097,SkillLeaf Data Analytics Handbook,Books,Books,SkillLeaf,Website,Cash on Delivery,2,₹722.44,₹249.11,20%,₹99.00,07-Nov-2025,No,,,0,0%,4.0
OL-003217,ORD-2025-02323,02-Nov-2025,C0612,Home Office,Surat,Gujarat,P100,SkillLeaf The Productivity System,Books,Books,SkillLeaf,website,cash on delivery,1,₹604.28,₹247.93,25%,₹59.00,08-Nov-2025,No,,,0,0%,
OL-003218,ORD-2025-02323,02-Nov-2025,C0612,Home Office,Surat,Gujarat,P076,GlowEase Electric Toothbrush,Beauty,Personal Care,GlowEase,website,COD,1,"₹5,000.17","₹3,182.34",5%,₹0.00,07-Nov-2025,Not Returned,,,0,0%,5.0
OL-003219,ORD-2025-02324,24-Nov-2025,C0519,Corporate,Bhopal,Madhya Pradesh,P011,MiraMode Cotton Kurta Set,Fashion,Women's Clothing,MiraMode,marketplace,Credit Card,3,"₹3,769.92","₹1,679.04",10%,₹0.00,29-Nov-2025,Not Returned,,,0,0%,
OL-003224,ORD-2025-02328,06-Nov-2025,C0268,Consumer,Hyderabad,Telangana,P077,GlowEase Grooming Kit,Beauty,Personal Care,GlowEase,website,CREDIT CARD,1,"₹1,647.81",₹726.50,20%,₹99.00,12-Nov-2025,Not Returned,,,0,0%,5.0
OL-003225,ORD-2025-02329,27-Nov-2025,C0680,Corporate,Hyderabad,Telangana,P071,DermaNest Clay Face Mask,Beauty,Skin Care,DermaNest,Marketplace,UPI,2,₹849.19,₹349.54,20%,₹39.00,30-Nov-2025,No,,,0,0%,4.0
OL-003226,ORD-2025-02329,27-Nov-2025,C0680,Corporate,Hyderabad,Telangana,P096,WildRoute Compact Binoculars,Sports,Outdoor,WildRoute,marketplace,UPI,1,"₹4,525.82","₹2,906.69",25%,₹0.00,04-Dec-2025,No,,,0,0%,5.0
OL-003235,ORD-2025-02338,08-Nov-2025,C0590,Consumer,Warangal,Telangana,P013,MiraMode Knitted Cardigan,Fashion,Women's Clothing,MiraMode,marketplace,UPI,4,"₹2,404.29","₹1,293.51",25%,₹0.00,13-Nov-2025,No,,,0,0%,4.0
OL-003241,ORD-2025-02343,22-Nov-2025,C0708,Consumer,Warangal,Telangana,P036,ConnectPro Phone Case,Electronics,Mobile Accessories,ConnectPro,mobile app,UPI,1,"₹1,182.01",₹797.74,25%,₹79.00,27-Nov-2025,No,,,0,0%,
OL-003242,ORD-2025-02343,22-Nov-2025,C0708,Consumer,Warangal,Telangana,P025,SonicBay Wireless Earbuds,Electronics,Audio,SonicBay,mobile app,Upi,2,"₹7,405.87","₹4,853.62",15%,₹0.00,24-Nov-2025,No,,,0,0%,
OL-003244,ORD-2025-02345,08-Nov-2025,C0488,Corporate,Pune,Maharashtra,P100,SkillLeaf The Productivity System,Books,Books,SkillLeaf,Marketplace,UPI,2,₹573.96,₹247.93,0%,₹59.00,15-Nov-2025,N,,,0,0%,5.0
OL-003276,ORD-2025-02368,02-Nov-2025,C0030,Consumer,Amritsar,Punjab,P030,VoltAudio Portable Speaker,Electronics,Audio,VoltAudio,Offline Store,Cash,1,"₹11,355.92","₹6,811.90",20%,₹0.00,02-Nov-2025,N,,,0,0%,5.0
OL-003281,ORD-2025-02372,20-Nov-2025,C0044,Home Office,Siliguri,West Bengal,P042,PixelNest Fitness Band,Electronics,Smart Devices,PixelNest,website,DEBIT CARD,1,"₹5,425.07","₹3,685.96",15%,₹0.00,24-Nov-2025,No,,,0,0%,3.0
OL-003286,ORD-2025-02377,08-Nov-2025,C0354,Corporate,Surat,Gujarat,P037,NexCharge Wireless Charger,Electronics,Mobile Accessories,NexCharge,Marketplace,cash on delivery,1,₹535.90,₹271.48,5%,₹59.00,12-Nov-2025,No,,,0,0%,
OL-003287,ORD-2025-02377,08-Nov-2025,C0354,Corporate,Surat,Gujarat,P077,GlowEase Grooming Kit,Beauty,Personal Care,GlowEase,Marketplace,Cash on Delivery,1,"₹1,601.29",₹726.50,20%,₹79.00,14-Nov-2025,yes,06-Dec-2025,Quality Issue,1,5%,3.0
OL-003288,ORD-2025-02378,03-Nov-2025,C0608,Corporate,Mumbai,Maharashtra,P069,PureGlow Niacinamide Serum,Beauty,Skin Care,PureGlow,Marketplace,Debit Card,2,₹744.46,₹337.59,15%,₹59.00,12-Nov-2025,N,,,0,0%,5.0
OL-003309,ORD-2025-02396,03-Nov-2025,C0758,Corporate,Bengaluru,Karnataka,P074,GlowEase Trimmer Kit,Beauty,Personal Care,GlowEase,Website,UPI,1,"₹2,000.33","₹1,072.86",10%,₹79.00,08-Nov-2025,Not Returned,,,0,0%,
OL-003310,ORD-2025-02396,03-Nov-2025,C0758,Corporate,Bengaluru,Karnataka,P067,DermaNest SPF 50 Sunscreen,Beauty,Skin Care,DermaNest,Website,UPI,1,"₹1,751.81",₹875.79,15%,₹99.00,06-Nov-2025,Not Returned,,,0,0%,4.0
OL-003313,ORD-2025-02399,11-Nov-2025,C0754,Corporate,Hyderabad,Telangana,P014,MiraMode Straight Fit Trousers,Fashion,Women's Clothing,MiraMode,Mobile App,Wallet,3,"₹2,320.80",₹955.33,0%,₹0.00,16-Nov-2025,yes,25-Nov-2025,Late Delivery,3,0%,3.0
OL-003314,ORD-2025-02399,11-Nov-2025,C0754,Corporate,Hyderabad,Telangana,P096,WildRoute Compact Binoculars,Sports,Outdoor,WildRoute,Mobile App,wallet,1,"₹4,896.88","₹2,906.69",30%,₹0.00,15-Nov-2025,N,,,0,0%,
OL-003316,ORD-2025-02401,18-Nov-2025,C0371,Consumer,Udaipur,Rajasthan,P054,HomeFlame Sandwich Maker,Home & Kitchen,Kitchen,HomeFlame,Marketplace,Debit Card,1,"₹9,289.51","₹6,033.47",5%,₹0.00,25-Nov-2025,N,,,0,0%,
OL-003333,ORD-2025-02413,28-Nov-2025,C0392,Home Office,Jaipur,Rajasthan,P006,UrbanThread Printed Casual Shirt,Fashion,Men's Clothing,UrbanThread,Marketplace,Wallet,1,"₹2,702.23","₹1,292.17",30%,₹0.00,06-Dec-2025,no,,,0,0%,5.0
OL-003360,ORD-2025-02433,24-Nov-2025,C0649,Consumer,Bengaluru,Karnataka,P098,BrightPage Personal Finance Basics,Books,Books,BrightPage,Mobile App,Credit Card,1,"₹1,250.61",₹379.22,20%,₹99.00,27-Nov-2025,N,,,0,0%,5.0
OL-003361,ORD-2025-02434,22-Nov-2025,C0588,Consumer,Pune,Maharashtra,P037,NexCharge Wireless Charger,Electronics,Mobile Accessories,NexCharge,Website,Cash on Delivery,2,₹508.58,₹271.48,0%,₹59.00,27-Nov-2025,No,,,0,0%,4.0
OL-003362,ORD-2025-02434,22-Nov-2025,C0588,Consumer,Pune,Maharashtra,P094,AeroCamp Picnic Mat,Sports,Outdoor,AeroCamp,Website,COD,1,"₹1,988.25","₹1,160.08",20%,₹49.00,28-Nov-2025,No,,,0,0%,2.0
OL-003363,ORD-2025-02435,23-Nov-2025,C0118,Consumer,Ahmedabad,Gujarat,P037,NexCharge Wireless Charger,Electronics,Mobile Accessories,NexCharge,Marketplace,UPI,1,₹494.77,₹271.48,20%,₹79.00,29-Nov-2025,Not Returned,,,0,0%,
OL-003386,ORD-2025-02451,16-Nov-2025,C0199,Consumer,Bengaluru,Karnataka,P036,ConnectPro Phone Case,Electronics,Mobile Accessories,ConnectPro,Marketplace,UPI,2,"₹1,228.05",₹797.74,0%,₹99.00,24-Nov-2025,no,,,0,0%,5.0
OL-003389,ORD-2025-02453,04-Nov-2025,C0225,Corporate,Bengaluru,Karnataka,P004,UrbanThread Casual Chinos,Fashion,Men's Clothing,UrbanThread,Website,CREDIT CARD,3,"₹2,271.89","₹1,378.10",10%,₹0.00,07-Nov-2025,No,,,0,0%,5.0
OL-003427,ORD-2025-02482,20-Nov-2025,C0645,Corporate,Indore,Madhya Pradesh,P036,ConnectPro Phone Case,Electronics,Mobile Accessories,ConnectPro,Mobile App,UPI,3,"₹1,301.07",₹797.74,20%,₹0.00,24-Nov-2025,No,,,0,0%,4.0
OL-003432,ORD-2025-02486,19-Nov-2025,C0753,Corporate,Udaipur,Rajasthan,P049,HomeFlame Non-Stick Cookware Set,Home & Kitchen,Kitchen,HomeFlame,MOBILE APP,Debit Card,1,"₹9,682.25","₹6,307.48",30%,₹0.00,22-Nov-2025,no,,,0,0%,
OL-003436,ORD-2025-02490,30-Nov-2025,C0332,Home Office,Lucknow,Uttar Pradesh,P053,KitchenRoot Air Fryer,Home & Kitchen,Kitchen,KitchenRoot,Marketplace,Cash on Delivery,1,"₹9,861.62","₹5,632.33",15%,₹0.00,05-Dec-2025,N,,,0,0%,2.0
OL-003437,ORD-2025-02491,01-Nov-2025,C0757,Consumer,Chandigarh,Punjab,P032,SonicBay Studio Headphones,Electronics,Audio,SonicBay,Marketplace,Cash on Delivery,2,"₹1,529.65","₹1,085.23",25%,₹0.00,08-Nov-2025,N,,,0,0%,
OL-003438,ORD-2025-02491,01-Nov-2025,C0757,Consumer,Chandigarh,Punjab,P046,PixelNest Smart Plug Pack,Electronics,Smart Devices,PixelNest,Marketplace,Cash on Delivery,1,"₹9,915.76","₹7,571.95",15%,₹0.00,10-Nov-2025,Yes,07-Dec-2025,Defective Product,1,0%,
OL-003444,ORD-2025-02497,03-Nov-2025,C0749,Consumer,Amritsar,Punjab,P035,VoltEdge USB-C Cable Pack,Electronics,Mobile Accessories,VoltEdge,Marketplace,Cash on Delivery,1,"₹1,681.77","₹1,086.77",25%,₹99.00,10-Nov-2025,Returned,29-Nov-2025,defective product,1,0%,
OL-003448,ORD-2025-02501,07-Nov-2025,C0441,Consumer,Kolkata,West Bengal,P076,GlowEase Electric Toothbrush,Beauty,Personal Care,GlowEase,Offline Store,CASH,1,"₹5,035.11","₹3,182.34",25%,₹0.00,08-Nov-2025,no,,,0,0%,4.0
OL-003451,ORD-2025-02503,14-Nov-2025,C0189,Home Office,Kanpur,Uttar Pradesh,P012,AuraStyle Casual Top,Fashion,Women's Clothing,AuraStyle,Marketplace,COD,1,"₹2,611.99","₹1,247.93",10%,₹0.00,20-Nov-2025,Not Returned,,,0,0%,4.0
OL-003489,ORD-2025-02529,23-Nov-2025,C0758,Corporate,Bengaluru,Karnataka,P057,NestLoom Bedsheet Set,Home & Kitchen,Home Furnishing,NestLoom,Mobile App,wallet,3,"₹3,472.44","₹1,790.83",20%,₹0.00,29-Nov-2025,No,,,0,0%,
OL-003510,ORD-2025-02545,18-Nov-2025,C0741,Home Office,Madurai,Tamil Nadu,P104,SkillLeaf Power BI Project Guide,Books,Books,SkillLeaf,Mobile App,UPI,3,"₹1,165.59",₹474.23,15%,₹0.00,21-Nov-2025,no,,,0,0%,4.0
OL-003520,ORD-2025-02553,13-Nov-2025,C0587,Consumer,Bengaluru,Karnataka,P102,SkillLeaf Excel for Analysts,Books,Books,SkillLeaf,Mobile App,DEBIT CARD,1,₹719.75,₹201.89,5%,₹39.00,16-Nov-2025,N,,,0,0%,4.0
OL-003521,ORD-2025-02553,13-Nov-2025,C0587,Consumer,Bengaluru,Karnataka,P048,OrbitSmart Mini Projector,Electronics,Smart Devices,OrbitSmart,Mobile App,Debit Card,1,"₹11,985.21","₹8,602.72",10%,₹0.00,19-Nov-2025,No,,,0,0%,4.0
OL-003548,ORD-2025-02573,13-Nov-2025,C0637,Corporate,Ludhiana,Punjab,P004,UrbanThread Casual Chinos,Fashion,Men's Clothing,UrbanThread,Mobile App,upi,1,"₹2,340.09","₹1,378.10",10%,₹99.00,16-Nov-2025,Not Returned,,,0,0%,
OL-003559,ORD-2025-02582,02-Nov-2025,C0724,Home Office,Warangal,Telangana,P062,NestLoom Floor Mat Set,Home & Kitchen,Home Furnishing,NestLoom,OFFLINE STORE,UPI,1,"₹3,535.24","₹1,409.58",0%,₹0.00,04-Nov-2025,Returned,14-Nov-2025,Damaged Product,1,0%,
OL-003566,ORD-2025-02587,24-Nov-2025,C0809,Home Office,Thiruvananthapuram,Kerala,P044,OrbitSmart Smart LED Bulb Pack,Electronics,Smart Devices,OrbitSmart,mobile app,UPI,1,"₹3,565.84","₹2,279.34",0%,₹0.00,30-Nov-2025,N,,,0,0%,
OL-003567,ORD-2025-02587,24-Nov-2025,C0809,Home Office,Thiruvananthapuram,Kerala,P052,CookCraft Storage Container Set,Home & Kitchen,Kitchen,CookCraft,mobile app,Upi,2,"₹4,433.29","₹2,633.10",25%,₹0.00,01-Dec-2025,no,,,0,0%,5.0
OL-003593,ORD-2025-02606,19-Nov-2025,C0354,Corporate,Surat,Gujarat,P070,PureGlow Body Lotion,Beauty,Skin Care,PureGlow,Marketplace,DEBIT CARD,2,"₹2,479.08",₹835.56,25%,₹0.00,24-Nov-2025,Not Returned,,,0,0%,
OL-003601,ORD-2025-02613,15-Nov-2025,C0356,Consumer,Ahmedabad,Gujarat,P083,FitForge Adjustable Dumbbells,Sports,Fitness,FitForge,Mobile App,Upi,1,"₹8,117.67","₹4,814.22",15%,₹0.00,17-Nov-2025,Y,28-Nov-2025,Changed mind,1,0%,2.0
OL-003627,ORD-2025-02630,24-Nov-2025,C0381,Corporate,Coimbatore,Tamil Nadu,P100,SkillLeaf The Productivity System,Books,Books,SkillLeaf,Mobile App,debit card,1,₹568.77,₹247.93,10%,₹49.00,25-Nov-2025,No,,,0,0%,5.0
OL-003635,ORD-2025-02636,21-Nov-2025,C0281,Consumer,Ahmedabad,Gujarat,P041,PixelNest Smart Watch,Electronics,Smart Devices,PixelNest,mobile app,WALLET,1,"₹15,671.84","₹10,108.00",15%,₹0.00,24-Nov-2025,Not Returned,,,0,0%,5.0
OL-003636,ORD-2025-02636,21-Nov-2025,C0281,Consumer,Ahmedabad,Gujarat,P100,SkillLeaf The Productivity System,Books,Books,SkillLeaf,mobile app,Wallet,1,₹579.81,₹247.93,25%,₹99.00,24-Nov-2025,Not Returned,,,0,0%,
OL-003641,ORD-2025-02639,10-Nov-2025,C0823,Consumer,New Delhi,Delhi,P023,AeroStep Slip-On Sneakers,Fashion,Footwear,AeroStep,WEBSITE,Upi,2,"₹3,659.99","₹2,443.63",30%,₹0.00,16-Nov-2025,no,,,0,0%,4.0
OL-003642,ORD-2025-02640,19-Nov-2025,C0275,Consumer,Bhopal,Madhya Pradesh,P096,WildRoute Compact Binoculars,Sports,Outdoor,WildRoute,MARKETPLACE,upi,1,"₹4,939.09","₹2,906.69",30%,₹0.00,24-Nov-2025,no,,,0,0%,
OL-003643,ORD-2025-02640,19-Nov-2025,C0275,Consumer,Bhopal,Madhya Pradesh,P003,UrbanThread Cotton Polo T-Shirt,Fashion,Men's Clothing,UrbanThread,Marketplace,upi,3,"₹1,804.85","₹1,128.89",0%,₹0.00,25-Nov-2025,Not Returned,,,0,0%,
OL-003674,ORD-2025-02663,25-Nov-2025,C0438,Consumer,Siliguri,West Bengal,P097,SkillLeaf Data Analytics Handbook,Books,Books,SkillLeaf,Website,DEBIT CARD,2,₹722.55,₹249.11,30%,₹39.00,30-Nov-2025,N,,,0,0%,5.0
OL-003675,ORD-2025-02664,01-Nov-2025,C0401,Corporate,Jabalpur,Madhya Pradesh,P052,CookCraft Storage Container Set,Home & Kitchen,Kitchen,CookCraft,website,CREDIT CARD,1,"₹4,389.02","₹2,633.10",10%,₹0.00,05-Nov-2025,Not Returned,,,0,0%,5.0
OL-003676,ORD-2025-02664,01-Nov-2025,C0401,Corporate,Jabalpur,Madhya Pradesh,P053,KitchenRoot Air Fryer,Home & Kitchen,Kitchen,KitchenRoot,Website,credit card,1,"₹9,459.15","₹5,632.33",25%,₹0.00,06-Nov-2025,No,,,0,0%,3.0
OL-003677,ORD-2025-02664,01-Nov-2025,C0401,Corporate,Jabalpur,Madhya Pradesh,P013,MiraMode Knitted Cardigan,Fashion,Women's Clothing,MiraMode,Website,Credit Card,1,"₹2,214.19","₹1,293.51",30%,₹39.00,06-Nov-2025,no,,,0,0%,
OL-003684,ORD-2025-02669,09-Nov-2025,C0116,Consumer,Chennai,Tamil Nadu,P050,KitchenRoot Mixer Grinder,Home & Kitchen,Kitchen,KitchenRoot,Mobile App,Upi,1,"₹3,202.77","₹2,042.70",5%,₹0.00,14-Nov-2025,N,,,0,0%,5.0
OL-003685,ORD-2025-02669,09-Nov-2025,C0116,Consumer,Chennai,Tamil Nadu,P016,VelvetLeaf Everyday Leggings,Fashion,Women's Clothing,VelvetLeaf,mobile app,Upi,1,"₹2,782.08","₹1,495.61",10%,₹0.00,14-Nov-2025,No,,,0,0%,
OL-003686,ORD-2025-02670,16-Nov-2025,C0359,Home Office,Hyderabad,Telangana,P012,AuraStyle Casual Top,Fashion,Women's Clothing,AuraStyle,website,UPI,2,"₹2,655.48","₹1,247.93",5%,₹0.00,19-Nov-2025,N,,,0,0%,
OL-003693,ORD-2025-02675,18-Nov-2025,C0441,Consumer,Kolkata,West Bengal,P078,GroomLab Facial Cleansing Brush,Beauty,Personal Care,GroomLab,Mobile App,UPI,1,"₹6,097.26","₹2,730.99",20%,₹0.00,23-Nov-2025,N,,,0,0%,3.0
OL-003718,ORD-2025-02693,10-Nov-2025,C0474,Consumer,Mumbai,Maharashtra,P023,AeroStep Slip-On Sneakers,Fashion,Footwear,AeroStep,Website,DEBIT CARD,3,"₹3,941.95","₹2,443.63",20%,₹0.00,16-Nov-2025,Not Returned,,,0,0%,
OL-003757,ORD-2025-02722,22-Nov-2025,C0641,Corporate,Kochi,Kerala,P061,CasaBloom Decorative Cushion Set,Home & Kitchen,Home Furnishing,CasaBloom,Mobile App,Upi,1,"₹4,896.82","₹2,867.87",10%,₹0.00,28-Nov-2025,N,,,0,0%,
OL-003771,ORD-2025-02731,08-Nov-2025,C0350,Consumer,Chandigarh,Punjab,P056,CookCraft Hand Blender,Home & Kitchen,Kitchen,CookCraft,Mobile App,debit card,1,"₹11,835.06","₹6,467.93",25%,₹0.00,14-Nov-2025,Not Returned,,,0,0%,
OL-003772,ORD-2025-02732,05-Nov-2025,C0010,Consumer,Surat,Gujarat,P005,UrbanThread Lightweight Jacket,Fashion,Men's Clothing,UrbanThread,Website,Cash on Delivery,1,"₹1,227.56",₹646.63,10%,₹79.00,12-Nov-2025,Not Returned,,,0,0%,
OL-003784,ORD-2025-02741,23-Nov-2025,C0358,Home Office,Kanpur,Uttar Pradesh,P062,NestLoom Floor Mat Set,Home & Kitchen,Home Furnishing,NestLoom,Mobile App,upi,2,"₹3,403.69","₹1,409.58",0%,₹0.00,26-Nov-2025,No,,,0,0%,5.0
OL-003790,ORD-2025-02746,17-Nov-2025,C0531,Consumer,Hyderabad,Telangana,P038,NexCharge Car Phone Mount,Electronics,Mobile Accessories,NexCharge,Website,UPI,1,₹635.79,₹340.28,5%,₹99.00,20-Nov-2025,Not Returned,,,0,0%,
OL-003796,ORD-2025-02749,18-Nov-2025,C0832,Consumer,Jodhpur,Rajasthan,P006,UrbanThread Printed Casual Shirt,Fashion,Men's Clothing,UrbanThread,MOBILE APP,WALLET,1,"₹2,709.43","₹1,292.17",20%,₹0.00,20-Nov-2025,no,,,0,0%,4.0
OL-003825,ORD-2025-02767,16-Nov-2025,C0137,Consumer,Coimbatore,Tamil Nadu,P068,DermaNest Night Repair Cream,Beauty,Skin Care,DermaNest,mobile app,upi,1,"₹1,012.46",₹376.87,20%,₹49.00,19-Nov-2025,N,,,0,0%,5.0
OL-003830,ORD-2025-02772,27-Nov-2025,C0058,Consumer,Kanpur,Uttar Pradesh,P075,GroomLab Hair Straightener,Beauty,Personal Care,GroomLab,website,credit card,1,"₹3,769.86","₹1,901.20",25%,₹0.00,04-Dec-2025,Not Returned,,,0,0%,
OL-003866,ORD-2025-02797,10-Nov-2025,C0193,Corporate,Kanpur,Uttar Pradesh,P006,UrbanThread Printed Casual Shirt,Fashion,Men's Clothing,UrbanThread,WEBSITE,CREDIT CARD,1,"₹2,649.71","₹1,292.17",20%,₹0.00,12-Nov-2025,Not Returned,,,0,0%,
OL-003867,ORD-2025-02797,10-Nov-2025,C0193,Corporate,Kanpur,Uttar Pradesh,P034,ConnectPro Power Bank 20000mAh,Electronics,Mobile Accessories,ConnectPro,website,CREDIT CARD,1,"₹2,863.28","₹1,560.52",30%,₹0.00,15-Nov-2025,Yes,22-Nov-2025,Late Delivery,1,0%,2.0
OL-003879,ORD-2025-02806,29-Nov-2025,C0161,Consumer,Amritsar,Punjab,P088,FitForge Core Slider Set,Sports,Fitness,FitForge,Mobile App,Debit Card,2,"₹4,673.64","₹2,278.33",10%,₹0.00,04-Dec-2025,No,,,0,0%,
OL-003890,ORD-2025-02814,07-Nov-2025,C0074,Corporate,New Delhi,Delhi,P095,TrailPeak Sports Duffel Bag,Sports,Outdoor,TrailPeak,Website,upi,3,"₹3,120.11","₹1,568.04",20%,₹0.00,11-Nov-2025,No,,,0,0%,
OL-003891,ORD-2025-02814,07-Nov-2025,C0074,Corporate,New Delhi,Delhi,P050,KitchenRoot Mixer Grinder,Home & Kitchen,Kitchen,KitchenRoot,Website,UPI,1,"₹3,037.49","₹2,042.70",15%,₹0.00,15-Nov-2025,No,,,0,0%,
OL-003899,ORD-2025-02820,17-Nov-2025,C0314,Consumer,Kolkata,West Bengal,P059,CasaBloom Memory Foam Pillow,Home & Kitchen,Home Furnishing,CasaBloom,MOBILE APP,WALLET,1,"₹1,232.19",₹598.05,15%,₹39.00,22-Nov-2025,no,,,0,0%,
OL-003900,ORD-2025-02821,03-Nov-2025,C0215,Corporate,Coimbatore,Tamil Nadu,P101,BrightPage Modern Marketing Playbook,Books,Books,BrightPage,Website,Credit Card,1,"₹1,214.02",₹460.56,30%,₹79.00,05-Nov-2025,no,,,0,0%,4.0
OL-003914,ORD-2025-02831,08-Nov-2025,C0396,Corporate,Siliguri,West Bengal,P102,SkillLeaf Excel for Analysts,Books,Books,SkillLeaf,Marketplace,CREDIT CARD,1,₹656.15,₹201.89,25%,₹99.00,14-Nov-2025,Yes,09-Dec-2025,Wrong item,1,0%,4.0
OL-003926,ORD-2025-02838,23-Nov-2025,C0680,Corporate,Hyderabad,Telangana,P078,GroomLab Facial Cleansing Brush,Beauty,Personal Care,GroomLab,WEBSITE,debit card,1,"₹5,660.80","₹2,730.99",30%,₹0.00,29-Nov-2025,no,,,0,0%,4.0
OL-003927,ORD-2025-02838,23-Nov-2025,C0680,Corporate,Hyderabad,Telangana,P029,SonicBay Gaming Headset,Electronics,Audio,SonicBay,website,Debit Card,3,"₹9,182.05","₹6,260.57",10%,₹0.00,26-Nov-2025,N,,,0,0%,
OL-003928,ORD-2025-02838,23-Nov-2025,C0680,Corporate,Hyderabad,Telangana,P100,SkillLeaf The Productivity System,Books,Books,SkillLeaf,website,Debit Card,1,₹568.92,₹247.93,25%,₹99.00,26-Nov-2025,No,,,0,0%,
OL-003934,ORD-2025-02843,11-Nov-2025,C0522,Consumer,Jaipur,Rajasthan,P016,VelvetLeaf Everyday Leggings,Fashion,Women's Clothing,VelvetLeaf,MARKETPLACE,Cash on Delivery,1,"₹2,683.26","₹1,495.61",25%,₹0.00,16-Nov-2025,N,,,0,0%,
OL-003943,ORD-2025-02850,27-Nov-2025,C0253,Consumer,Jodhpur,Rajasthan,P045,PixelNest Streaming Stick,Electronics,Smart Devices,PixelNest,website,UPI,1,"₹5,059.49","₹4,170.85",15%,₹0.00,02-Dec-2025,No,,,0,0%,
OL-003944,ORD-2025-02850,27-Nov-2025,C0253,Consumer,Jodhpur,Rajasthan,P082,MoveMax Resistance Band Set,Sports,Fitness,MoveMax,website,UPI,4,"₹1,137.29",₹571.97,5%,₹0.00,30-Nov-2025,Not Returned,,,0,0%,2.0
OL-003952,ORD-2025-02855,26-Nov-2025,C0121,Consumer,Kozhikode,Kerala,P011,MiraMode Cotton Kurta Set,Fashion,Women's Clothing,MiraMode,Offline Store,upi,1,"₹3,596.16","₹1,679.04",25%,₹0.00,27-Nov-2025,yes,06-Dec-2025,Wrong size,1,0%,
OL-003953,ORD-2025-02855,26-Nov-2025,C0121,Consumer,Kozhikode,Kerala,P086,MoveMax Workout Gloves,Sports,Fitness,MoveMax,Offline Store,upi,1,"₹3,725.91","₹1,613.19",15%,₹0.00,28-Nov-2025,N,,,0,0%,4.0
OL-003955,ORD-2025-02857,09-Nov-2025,C0263,Consumer,Jabalpur,Madhya Pradesh,P046,PixelNest Smart Plug Pack,Electronics,Smart Devices,PixelNest,MARKETPLACE,UPI,1,"₹10,444.35","₹7,571.95",20%,₹0.00,17-Nov-2025,yes,24-Nov-2025,Defective product,1,0%,
OL-003967,ORD-2025-02867,14-Nov-2025,C0283,Consumer,Hyderabad,Telangana,P094,AeroCamp Picnic Mat,Sports,Outdoor,AeroCamp,Marketplace,upi,1,"₹1,947.32","₹1,160.08",20%,₹39.00,22-Nov-2025,Yes,25-Nov-2025,Not As Expected,1,5%,
OL-004009,ORD-2025-02898,05-Nov-2025,C0604,Corporate,New Delhi,Delhi,P037,NexCharge Wireless Charger,Electronics,Mobile Accessories,NexCharge,Mobile App,Debit Card,1,₹499.60,₹271.48,10%,₹99.00,12-Nov-2025,Y,01-Dec-2025,damaged product,1,0%,
OL-004017,ORD-2025-02905,12-Nov-2025,C0379,Home Office,Mysuru,Karnataka,P022,AeroStep Training Shoes,Fashion,Footwear,AeroStep,WEBSITE,debit card,1,"₹4,454.57","₹2,516.74",25%,₹0.00,15-Nov-2025,No,,,0,0%,3.0
OL-004018,ORD-2025-02906,15-Nov-2025,C0786,Home Office,Madurai,Tamil Nadu,P102,SkillLeaf Excel for Analysts,Books,Books,SkillLeaf,Marketplace,debit card,1,₹651.88,₹201.89,30%,₹79.00,21-Nov-2025,Not Returned,,,0,0%,4.0
OL-004023,ORD-2025-02909,12-Nov-2025,C0532,Home Office,Lucknow,Uttar Pradesh,P094,AeroCamp Picnic Mat,Sports,Outdoor,AeroCamp,Mobile App,Credit Card,1,"₹1,842.71","₹1,160.08",10%,₹39.00,14-Nov-2025,no,,,0,0%,
OL-004035,ORD-2025-02916,04-Nov-2025,C0818,Consumer,Ahmedabad,Gujarat,P021,FootNest Block Heel Sandals,Fashion,Footwear,FootNest,Offline Store,upi,2,"₹4,575.84","₹2,846.55",15%,₹0.00,05-Nov-2025,No,,,0,0%,
OL-004036,ORD-2025-02916,04-Nov-2025,C0818,Consumer,Ahmedabad,Gujarat,P080,GlowEase Body Care Gift Set,Beauty,Personal Care,GlowEase,Offline Store,Upi,1,"₹6,273.54","₹3,698.48",15%,₹0.00,07-Nov-2025,Not Returned,,,0,0%,
OL-004042,ORD-2025-02921,11-Nov-2025,C0258,Corporate,Coimbatore,Tamil Nadu,P087,MoveMax Kettlebell,Sports,Fitness,MoveMax,offline store,Credit Card,1,"₹8,026.00","₹4,195.76",25%,₹0.00,13-Nov-2025,no,,,0,0%,
OL-004055,ORD-2025-02932,04-Nov-2025,C0178,Corporate,Kolkata,West Bengal,P036,ConnectPro Phone Case,Electronics,Mobile Accessories,ConnectPro,mobile app,debit card,1,"₹1,299.93",₹797.74,0%,₹49.00,10-Nov-2025,Yes,21-Nov-2025,Damaged Product,1,0%,3.0
OL-004056,ORD-2025-02932,04-Nov-2025,C0178,Corporate,Kolkata,West Bengal,P059,CasaBloom Memory Foam Pillow,Home & Kitchen,Home Furnishing,CasaBloom,MOBILE APP,DEBIT CARD,1,"₹1,145.58",₹598.05,25%,₹49.00,05-Nov-2025,No,,,0,0%,5.0
OL-004057,ORD-2025-02932,04-Nov-2025,C0178,Corporate,Kolkata,West Bengal,P075,GroomLab Hair Straightener,Beauty,Personal Care,GroomLab,MOBILE APP,Debit Card,3,"₹3,733.83","₹1,901.20",15%,₹0.00,09-Nov-2025,N,,,0,0%,5.0
OL-004058,ORD-2025-02932,04-Nov-2025,C0178,Corporate,Kolkata,West Bengal,P035,VoltEdge USB-C Cable Pack,Electronics,Mobile Accessories,VoltEdge,mobile app,Debit Card,1,"₹1,638.46","₹1,086.77",15%,₹99.00,10-Nov-2025,Returned,19-Nov-2025,Defective product,1,0%,
OL-004080,ORD-2025-02946,28-Nov-2025,C0415,Corporate,Amritsar,Punjab,P098,BrightPage Personal Finance Basics,Books,Books,BrightPage,MOBILE APP,upi,1,"₹1,226.84",₹379.22,15%,₹59.00,04-Dec-2025,Not Returned,,,0,0%,
OL-004081,ORD-2025-02947,09-Nov-2025,C0498,Consumer,Warangal,Telangana,P002,NorthLane Slim Fit Jeans,Fashion,Men's Clothing,NorthLane,Mobile App,UPI,1,"₹1,101.58",₹591.59,25%,₹59.00,15-Nov-2025,Not Returned,,,0,0%,
OL-004087,ORD-2025-02952,08-Nov-2025,C0702,Home Office,Kanpur,Uttar Pradesh,P076,GlowEase Electric Toothbrush,Beauty,Personal Care,GlowEase,Website,CREDIT CARD,1,"₹5,344.44","₹3,182.34",25%,₹0.00,11-Nov-2025,N,,,0,0%,4.0
OL-004089,ORD-2025-02954,01-Nov-2025,C0102,Corporate,Lucknow,Uttar Pradesh,P086,MoveMax Workout Gloves,Sports,Fitness,MoveMax,Marketplace,upi,4,"₹3,726.41","₹1,613.19",30%,₹0.00,09-Nov-2025,Yes,14-Nov-2025,Wrong Size,4,0%,
OL-004101,ORD-2025-02964,26-Nov-2025,C0303,Consumer,Warangal,Telangana,P021,FootNest Block Heel Sandals,Fashion,Footwear,FootNest,OFFLINE STORE,UPI,3,"₹4,241.92","₹2,846.55",20%,₹0.00,29-Nov-2025,Not Returned,,,0,0%,
OL-004102,ORD-2025-02965,09-Nov-2025,C0574,Consumer,Kochi,Kerala,P075,GroomLab Hair Straightener,Beauty,Personal Care,GroomLab,Website,UPI,2,"₹3,743.45","₹1,901.20",5%,₹0.00,15-Nov-2025,Not Returned,,,0,0%,4.0
OL-004115,ORD-2025-02976,20-Nov-2025,C0780,Consumer,Madurai,Tamil Nadu,P022,AeroStep Training Shoes,Fashion,Footwear,AeroStep,Marketplace,WALLET,1,"₹4,601.45","₹2,516.74",10%,₹0.00,24-Nov-2025,no,,,0,0%,5.0
OL-004126,ORD-2025-02984,27-Nov-2025,C0242,Consumer,Bhopal,Madhya Pradesh,P030,VoltAudio Portable Speaker,Electronics,Audio,VoltAudio,Website,UPI,1,"₹11,153.43","₹6,811.90",20%,₹0.00,30-Nov-2025,N,,,0,0%,5.0
OL-004127,ORD-2025-02984,27-Nov-2025,C0242,Consumer,Bhopal,Madhya Pradesh,P051,KitchenRoot Electric Kettle,Home & Kitchen,Kitchen,KitchenRoot,Website,Upi,2,"₹6,882.19","₹4,395.70",30%,₹0.00,29-Nov-2025,No,,,0,0%,
OL-004131,ORD-2025-02987,15-Nov-2025,C0176,Consumer,Mangaluru,Karnataka,P022,AeroStep Training Shoes,Fashion,Footwear,AeroStep,offline store,credit card,1,"₹4,259.76","₹2,516.74",10%,₹0.00,18-Nov-2025,Not Returned,,,0,0%,5.0
OL-004134,ORD-2025-02989,10-Nov-2025,C0173,Consumer,Kolkata,West Bengal,P021,FootNest Block Heel Sandals,Fashion,Footwear,FootNest,Mobile App,UPI,1,"₹4,536.74","₹2,846.55",20%,₹0.00,13-Nov-2025,No,,,0,0%,
OL-004140,ORD-2025-02994,03-Nov-2025,C0062,Consumer,Bengaluru,Karnataka,P034,ConnectPro Power Bank 20000mAh,Electronics,Mobile Accessories,ConnectPro,Marketplace,UPI,1,"₹3,082.23","₹1,560.52",5%,₹0.00,07-Nov-2025,yes,01-Dec-2025,wrong item,1,0%,
OL-004141,ORD-2025-02994,03-Nov-2025,C0062,Consumer,Bengaluru,Karnataka,P059,CasaBloom Memory Foam Pillow,Home & Kitchen,Home Furnishing,CasaBloom,marketplace,Upi,1,"₹1,176.77",₹598.05,20%,₹59.00,12-Nov-2025,Not Returned,,,0,0%,
OL-004144,ORD-2025-02996,29-Nov-2025,C0449,Home Office,Ludhiana,Punjab,P018,StrideX Casual Loafers,Fashion,Footwear,StrideX,website,credit card,1,"₹3,155.11","₹1,816.29",10%,₹0.00,03-Dec-2025,no,,,0,0%,
OL-004145,ORD-2025-02996,29-Nov-2025,C0449,Home Office,Ludhiana,Punjab,P032,SonicBay Studio Headphones,Electronics,Audio,SonicBay,WEBSITE,CREDIT CARD,1,"₹1,577.62","₹1,085.23",10%,₹79.00,04-Dec-2025,Not Returned,,,0,0%,4.0
OL-004148,ORD-2025-02999,28-Nov-2025,C0730,Consumer,Jabalpur,Madhya Pradesh,P044,OrbitSmart Smart LED Bulb Pack,Electronics,Smart Devices,OrbitSmart,mobile app,upi,1,"₹3,501.35","₹2,279.34",30%,₹0.00,30-Nov-2025,N,,,0,0%,
OL-004156,ORD-2025-03006,30-Nov-2025,C0586,Home Office,Siliguri,West Bengal,P003,UrbanThread Cotton Polo T-Shirt,Fashion,Men's Clothing,UrbanThread,WEBSITE,net banking,2,"₹1,892.27","₹1,128.89",10%,₹0.00,04-Dec-2025,Returned,29-Dec-2025,Product Not as Expected,2,10%,2.0
OL-004157,ORD-2025-03007,30-Nov-2025,C0661,Home Office,Vadodara,Gujarat,P034,ConnectPro Power Bank 20000mAh,Electronics,Mobile Accessories,ConnectPro,MOBILE APP,CREDIT CARD,1,"₹3,039.95","₹1,560.52",20%,₹0.00,03-Dec-2025,No,,,0,0%,
OL-004159,ORD-2025-03009,29-Nov-2025,C0465,Corporate,Kochi,Kerala,P002,NorthLane Slim Fit Jeans,Fashion,Men's Clothing,NorthLane,MARKETPLACE,wallet,1,"₹1,144.51",₹591.59,25%,₹79.00,05-Dec-2025,No,,,0,0%,4.0
OL-004161,ORD-2025-03011,10-Nov-2025,C0778,Consumer,Warangal,Telangana,P046,PixelNest Smart Plug Pack,Electronics,Smart Devices,PixelNest,website,net banking,1,"₹10,067.56","₹7,571.95",25%,₹0.00,17-Nov-2025,no,,,0,0%,5.0
OL-004169,ORD-2025-03018,01-Nov-2025,C0067,Consumer,Chandigarh,Punjab,P016,VelvetLeaf Everyday Leggings,Fashion,Women's Clothing,VelvetLeaf,MARKETPLACE,Upi,1,"₹2,688.44","₹1,495.61",30%,₹0.00,09-Nov-2025,Returned,10-Nov-2025,Late Delivery,1,0%,
OL-004170,ORD-2025-03018,01-Nov-2025,C0067,Consumer,Chandigarh,Punjab,P057,NestLoom Bedsheet Set,Home & Kitchen,Home Furnishing,NestLoom,Marketplace,Upi,1,"₹3,469.11","₹1,790.83",15%,₹0.00,09-Nov-2025,N,,,0,0%,
OL-004177,ORD-2025-03023,17-Nov-2025,C0597,Corporate,Jaipur,Rajasthan,P086,MoveMax Workout Gloves,Sports,Fitness,MoveMax,OFFLINE STORE,Debit Card,1,"₹3,713.59","₹1,613.19",25%,₹0.00,20-Nov-2025,No,,,0,0%,4.0
OL-004205,ORD-2025-03042,06-Nov-2025,C0113,Consumer,Nagpur,Maharashtra,P053,KitchenRoot Air Fryer,Home & Kitchen,Kitchen,KitchenRoot,Mobile App,UPI,1,"₹9,841.42","₹5,632.33",20%,₹0.00,10-Nov-2025,no,,,0,0%,
OL-004213,ORD-2025-03046,22-Nov-2025,C0515,Corporate,New Delhi,Delhi,P026,SonicBay Bluetooth Speaker,Electronics,Audio,SonicBay,mobile app,Upi,1,"₹7,431.13","₹5,106.31",10%,₹0.00,28-Nov-2025,Y,09-Dec-2025,Defective Product,1,0%,
OL-004228,ORD-2025-03055,18-Nov-2025,C0515,Corporate,New Delhi,Delhi,P064,CasaBloom Table Runner Set,Home & Kitchen,Home Furnishing,CasaBloom,Mobile App,DEBIT CARD,1,"₹2,654.35","₹1,522.07",20%,₹0.00,20-Nov-2025,Returned,30-Nov-2025,Changed Mind,1,5%,2.0
OL-004230,ORD-2025-03057,26-Nov-2025,C0262,Corporate,Udaipur,Rajasthan,P103,InsightPress SQL Practice Workbook,Books,Books,InsightPress,MARKETPLACE,debit card,1,₹855.27,₹330.48,20%,₹49.00,03-Dec-2025,yes,27-Dec-2025,Product Not as Expected,1,0%,1.0
OL-004231,ORD-2025-03057,26-Nov-2025,C0262,Corporate,Udaipur,Rajasthan,P030,VoltAudio Portable Speaker,Electronics,Audio,VoltAudio,Marketplace,Debit Card,3,"₹10,865.39","₹6,811.90",25%,₹0.00,02-Dec-2025,Not Returned,,,0,0%,3.0
OL-004239,ORD-2025-03064,26-Nov-2025,C0268,Consumer,Hyderabad,Telangana,P072,BloomSkin Lip Care Combo,Beauty,Skin Care,BloomSkin,Marketplace,wallet,1,"₹1,584.31",₹648.65,10%,₹59.00,01-Dec-2025,Not Returned,,,0,0%,
OL-004255,ORD-2025-03076,23-Nov-2025,C0223,Home Office,Madurai,Tamil Nadu,P002,NorthLane Slim Fit Jeans,Fashion,Men's Clothing,NorthLane,Website,Debit Card,2,"₹1,128.20",₹591.59,10%,₹99.00,26-Nov-2025,no,,,0,0%,
OL-004266,ORD-2025-03085,02-Nov-2025,C0143,Consumer,Kochi,Kerala,P063,NestLoom Lightweight Comforter,Home & Kitchen,Home Furnishing,NestLoom,Mobile App,UPI,4,"₹1,164.22",₹465.94,30%,₹0.00,03-Nov-2025,No,,,0,0%,5.0
